ID,ESTACION,FECHA,HORA,LONGITUD,LATITUD,ALTITUD,PM10,PM2_5,NO2,DEPARTAMENTO,PROVINCIA,DISTRITO,UBIGEO,FECHA_CORTE,ANIO,MES
121451,CAMPO_DE_MARTE,2019-07-11,150000,-77.0432,-12.0705,117,48.17,38.4,NA,LIMA,LIMA,JESUS_MARIA,150113,20240430,2019,7
477398,SAN_MARTIN_DE_PORRES,2022-10-22,180000,-77.0845,-12.0089,56,41.49,26.61,15,LIMA,LIMA,SAN_MARTIN_DE_PORRES,150135,20240430,2022,10
420641,SAN_MARTIN_DE_PORRES,2016-05-01,210000,-77.0845,-12.0089,56,108.61,16.4,6.1,LIMA,LIMA,SAN_MARTIN_DE_PORRES,150135,20240430,2016,5
9752,SAN_BORJA,2016-02-11,120000,-77.0077,-12.1086,128,50.51,8.7,16.1,LIMA,LIMA,SAN_BORJA,150130,20240430,2016,2
179464,SANTA_ANITA,2016-10-23,200000,-76.9714,-12.043,253,34.39,6.3,1.6,LIMA,LIMA,SANTA_ANITA,150137,20240430,2016,10
436622,SAN_MARTIN_DE_PORRES,2018-02-26,180000,-77.0845,-12.0089,56,50.65,10.5,NA,LIMA,LIMA,SAN_MARTIN_DE_PORRES,150135,20240430,2018,2
554060,CARABAYLLO,2022-03-23,000000,-77.0336,-11.9022,179,13.06,10.64,25.9,LIMA,LIMA,CARABAYLLO,150106,20240430,2022,3
104507,CAMPO_DE_MARTE,2017-08-04,150000,-77.0432,-12.0705,117,26.85,11.3,11.6,LIMA,LIMA,JESUS_MARIA,150113,20240430,2017,8
171370,SANTA_ANITA,2015-11-21,140000,-76.9714,-12.043,253,119,31.9,NA,LIMA,LIMA,SANTA_ANITA,150137,20240430,2015,11
80244,SAN_BORJA,2024-02-26,160000,-77.0077,-12.1086,128,54.15,17.07,20.7,LIMA,LIMA,SAN_BORJA,150130,20240430,2024,2
184318,SANTA_ANITA,2017-05-14,020000,-76.9714,-12.043,253,75.78,36.5,8.5,LIMA,LIMA,SANTA_ANITA,150137,20240430,2017,5
553723,CARABAYLLO,2022-03-08,230000,-77.0336,-11.9022,179,14.68,8.72,27.6,LIMA,LIMA,CARABAYLLO,150106,20240430,2022,3
391106,SAN_JUAN_DE_LURIGANCHO,2022-04-18,060000,-76.9992,-11.9816,240,34.08,29.38,NA,LIMA,LIMA,SAN_JUAN_DE_LURIGANCHO,150132,20240430,2022,4
390630,SAN_JUAN_DE_LURIGANCHO,2022-03-29,100000,-76.9992,-11.9816,240,25.95,17.92,NA,LIMA,LIMA,SAN_JUAN_DE_LURIGANCHO,150132,20240430,2022,3
262300,VILLA_MARIA_DEL_TRIUNFO,2016-12-06,080000,-76.92,-12.1664,272,45.47,35.4,15.5,LIMA,LIMA,VILLA_MARIA_DEL_TRIUNFO,150143,20240430,2016,12
386647,SAN_JUAN_DE_LURIGANCHO,2021-10-14,110000,-76.9992,-11.9816,240,NA,29.33,NA,LIMA,LIMA,SAN_JUAN_DE_LURIGANCHO,150132,20240430,2021,10
36166,SAN_BORJA,2019-02-16,020000,-77.0077,-12.1086,128,112.6,14.8,NA,LIMA,LIMA,SAN_BORJA,150130,20240430,2019,2
118696,CAMPO_DE_MARTE,2019-03-18,200000,-77.0432,-12.0705,117,21.2,10.1,NA,LIMA,LIMA,JESUS_MARIA,150113,20240430,2019,3
362699,SAN_JUAN_DE_LURIGANCHO,2019-01-20,150000,-76.9992,-11.9816,240,83.1,46.8,28.9,LIMA,LIMA,SAN_JUAN_DE_LURIGANCHO,150132,20240430,2019,1
374765,SAN_JUAN_DE_LURIGANCHO,2020-06-06,090000,-76.9992,-11.9816,240,NA,31.22,NA,LIMA,LIMA,SAN_JUAN_DE_LURIGANCHO,150132,20240430,2020,6
434312,SAN_MARTIN_DE_PORRES,2017-11-22,120000,-77.0845,-12.0089,56,40.24,11.7,NA,LIMA,LIMA,SAN_MARTIN_DE_PORRES,150135,20240430,2017,11
373111,SAN_JUAN_DE_LURIGANCHO,2020-03-29,110000,-76.9992,-11.9816,240,NA,11.52,NA,LIMA,LIMA,SAN_JUAN_DE_LURIGANCHO,150132,20240430,2020,3
16093,SAN_BORJA,2016-11-01,170000,-77.0077,-12.1086,128,28.44,14.9,2.7,LIMA,LIMA,SAN_BORJA,150130,20240430,2016,11
22338,SAN_BORJA,2017-07-19,220000,-77.0077,-12.1086,128,39.47,14,83.9,LIMA,LIMA,SAN_BORJA,150130,20240430,2017,7
34666,SAN_BORJA,2018-12-15,140000,-77.0077,-12.1086,128,58.99,7,26.6,LIMA,LIMA,SAN_BORJA,150130,20240430,2018,12
150151,CAMPO_DE_MARTE,2022-10-19,110000,-77.0432,-12.0705,117,14.94,14.35,7.4,LIMA,LIMA,JESUS_MARIA,150113,20240430,2022,10
276398,VILLA_MARIA_DEL_TRIUNFO,2018-07-16,180000,-76.92,-12.1664,272,76.98,16.8,NA,LIMA,LIMA,VILLA_MARIA_DEL_TRIUNFO,150143,20240430,2018,7
72157,SAN_BORJA,2023-03-26,170000,-77.0077,-12.1086,128,29.92,11.23,5.3,LIMA,LIMA,SAN_BORJA,150130,20240430,2023,3
332225,SAN_JUAN_DE_LURIGANCHO,2015-07-30,210000,-76.9992,-11.9816,240,95.9,35.8,37,LIMA,LIMA,SAN_JUAN_DE_LURIGANCHO,150132,20240430,2015,7
478076,SAN_MARTIN_DE_PORRES,2022-11-20,000000,-77.0845,-12.0089,56,21.41,14.47,28.3,LIMA,LIMA,SAN_MARTIN_DE_PORRES,150135,20240430,2022,11
98627,CAMPO_DE_MARTE,2016-12-02,150000,-77.0432,-12.0705,117,43.94,8.8,NA,LIMA,LIMA,JESUS_MARIA,150113,20240430,2016,12
226243,SANTA_ANITA,2022-02-23,230000,-76.9714,-12.043,253,41.1,17.54,30.9,LIMA,LIMA,SANTA_ANITA,150137,20240430,2022,2
416041,SAN_MARTIN_DE_PORRES,2015-10-23,050000,-77.0845,-12.0089,56,31.48,12.1,NA,LIMA,LIMA,SAN_MARTIN_DE_PORRES,150135,20240430,2015,10
505023,CARABAYLLO,2016-08-17,190000,-77.0336,-11.9022,179,56.23,16.1,7.8,LIMA,LIMA,CARABAYLLO,150106,20240430,2016,8
45551,SAN_BORJA,2020-03-13,030000,-77.0077,-12.1086,128,40.41,15.73,NA,LIMA,LIMA,SAN_BORJA,150130,20240430,2020,3
232263,SANTA_ANITA,2022-11-01,190000,-76.9714,-12.043,253,47.5,30.93,25.2,LIMA,LIMA,SANTA_ANITA,150137,20240430,2022,11
87211,CAMPO_DE_MARTE,2015-08-14,230000,-77.0432,-12.0705,117,45.67,18.8,NA,LIMA,LIMA,JESUS_MARIA,150113,20240430,2015,8
185558,SANTA_ANITA,2017-07-04,180000,-76.9714,-12.043,253,105.2,44.6,52.9,LIMA,LIMA,SANTA_ANITA,150137,20240430,2017,7
323657,VILLA_MARIA_DEL_TRIUNFO,2023-12-06,210000,-76.92,-12.1664,272,56.23,23.35,19.6,LIMA,LIMA,VILLA_MARIA_DEL_TRIUNFO,150143,20240430,2023,12
349176,SAN_JUAN_DE_LURIGANCHO,2017-07-06,040000,-76.9992,-11.9816,240,91.6,33.9,46,LIMA,LIMA,SAN_JUAN_DE_LURIGANCHO,150132,20240430,2017,7
365087,SAN_JUAN_DE_LURIGANCHO,2019-04-30,030000,-76.9992,-11.9816,240,NA,42.94,18.7,LIMA,LIMA,SAN_JUAN_DE_LURIGANCHO,150132,20240430,2019,4
51256,SAN_BORJA,2020-11-05,200000,-77.0077,-12.1086,128,36.56,20.05,NA,LIMA,LIMA,SAN_BORJA,150130,20240430,2020,11
80899,SAN_BORJA,2024-03-24,230000,-77.0077,-12.1086,128,29.6,10.5,17,LIMA,LIMA,SAN_BORJA,150130,20240430,2024,3
275622,VILLA_MARIA_DEL_TRIUNFO,2018-06-14,100000,-76.92,-12.1664,272,61.54,15,NA,LIMA,LIMA,VILLA_MARIA_DEL_TRIUNFO,150143,20240430,2018,6
260296,VILLA_MARIA_DEL_TRIUNFO,2016-09-13,200000,-76.92,-12.1664,272,135.43,23,17.2,LIMA,LIMA,VILLA_MARIA_DEL_TRIUNFO,150143,20240430,2016,9
188747,SANTA_ANITA,2017-11-14,150000,-76.9714,-12.043,253,81.2,25.9,12.1,LIMA,LIMA,SANTA_ANITA,150137,20240430,2017,11
86588,CAMPO_DE_MARTE,2015-07-20,000000,-77.0432,-12.0705,117,37.11,9.9,NA,LIMA,LIMA,JESUS_MARIA,150113,20240430,2015,7
13474,SAN_BORJA,2016-07-15,140000,-77.0077,-12.1086,128,30.41,18.8,22.1,LIMA,LIMA,SAN_BORJA,150130,20240430,2016,7
417223,SAN_MARTIN_DE_PORRES,2015-12-11,110000,-77.0845,-12.0089,56,41.55,31,26.2,LIMA,LIMA,SAN_MARTIN_DE_PORRES,150135,20240430,2015,12
519318,CARABAYLLO,2018-04-05,100000,-77.0336,-11.9022,179,29.3,14.9,NA,LIMA,LIMA,CARABAYLLO,150106,20240430,2018,4
1039,SAN_BORJA,2015-02-13,110000,-77.0077,-12.1086,128,NA,4.1,NA,LIMA,LIMA,SAN_BORJA,150130,20240430,2015,2
310720,VILLA_MARIA_DEL_TRIUNFO,2022-06-15,200000,-76.92,-12.1664,272,78.49,33.15,32.3,LIMA,LIMA,VILLA_MARIA_DEL_TRIUNFO,150143,20240430,2022,6
241923,SANTA_ANITA,2023-12-09,070000,-76.9714,-12.043,253,35.18,24.08,NA,LIMA,LIMA,SANTA_ANITA,150137,20240430,2023,12
69110,SAN_BORJA,2022-11-19,180000,-77.0077,-12.1086,128,62.94,23.66,19.1,LIMA,LIMA,SAN_BORJA,150130,20240430,2022,11
317340,VILLA_MARIA_DEL_TRIUNFO,2023-03-18,160000,-76.92,-12.1664,272,64.12,25.53,16,LIMA,LIMA,VILLA_MARIA_DEL_TRIUNFO,150143,20240430,2023,3
425019,SAN_MARTIN_DE_PORRES,2016-10-31,070000,-77.0845,-12.0089,56,22.95,8.3,14.7,LIMA,LIMA,SAN_MARTIN_DE_PORRES,150135,20240430,2016,10
565827,CARABAYLLO,2023-07-26,070000,-77.0336,-11.9022,179,15.15,14.36,10,LIMA,LIMA,CARABAYLLO,150106,20240430,2023,7
95536,CAMPO_DE_MARTE,2016-07-26,200000,-77.0432,-12.0705,117,39,8.1,NA,LIMA,LIMA,JESUS_MARIA,150113,20240430,2016,7
241634,SANTA_ANITA,2023-11-27,060000,-76.9714,-12.043,253,25.08,18.46,8.2,LIMA,LIMA,SANTA_ANITA,150137,20240430,2023,11
111515,CAMPO_DE_MARTE,2018-05-23,150000,-77.0432,-12.0705,117,22.79,16.5,25.4,LIMA,LIMA,JESUS_MARIA,150113,20240430,2018,5
241264,SANTA_ANITA,2023-11-11,200000,-76.9714,-12.043,253,21.48,14.16,15.7,LIMA,LIMA,SANTA_ANITA,150137,20240430,2023,11
97074,CAMPO_DE_MARTE,2016-09-28,220000,-77.0432,-12.0705,117,40.09,14,NA,LIMA,LIMA,JESUS_MARIA,150113,20240430,2016,9
198237,SANTA_ANITA,2018-12-15,010000,-76.9714,-12.043,253,61.6,13.4,14,LIMA,LIMA,SANTA_ANITA,150137,20240430,2018,12
13460,SAN_BORJA,2016-07-15,000000,-77.0077,-12.1086,128,69.03,25.6,30.2,LIMA,LIMA,SAN_BORJA,150130,20240430,2016,7
275277,VILLA_MARIA_DEL_TRIUNFO,2018-05-31,010000,-76.92,-12.1664,272,200,64.7,NA,LIMA,LIMA,VILLA_MARIA_DEL_TRIUNFO,150143,20240430,2018,5
472260,SAN_MARTIN_DE_PORRES,2022-03-22,160000,-77.0845,-12.0089,56,69.61,26.46,29.6,LIMA,LIMA,SAN_MARTIN_DE_PORRES,150135,20240430,2022,3
427500,SAN_MARTIN_DE_PORRES,2017-02-11,160000,-77.0845,-12.0089,56,59.84,18.4,21,LIMA,LIMA,SAN_MARTIN_DE_PORRES,150135,20240430,2017,2
478405,SAN_MARTIN_DE_PORRES,2022-12-03,170000,-77.0845,-12.0089,56,69.49,50.49,33.6,LIMA,LIMA,SAN_MARTIN_DE_PORRES,150135,20240430,2022,12
80160,SAN_BORJA,2024-02-23,040000,-77.0077,-12.1086,128,49.5,15.53,17.8,LIMA,LIMA,SAN_BORJA,150130,20240430,2024,2
311634,VILLA_MARIA_DEL_TRIUNFO,2022-07-23,220000,-76.92,-12.1664,272,134.87,40.61,21.1,LIMA,LIMA,VILLA_MARIA_DEL_TRIUNFO,150143,20240430,2022,7
182332,SANTA_ANITA,2017-02-20,080000,-76.9714,-12.043,253,NA,18.8,NA,LIMA,LIMA,SANTA_ANITA,150137,20240430,2017,2
480399,SAN_MARTIN_DE_PORRES,2023-02-24,190000,-77.0845,-12.0089,56,39.92,18,NA,LIMA,LIMA,SAN_MARTIN_DE_PORRES,150135,20240430,2023,2
10200,SAN_BORJA,2016-03-01,040000,-77.0077,-12.1086,128,32,11.9,9.2,LIMA,LIMA,SAN_BORJA,150130,20240430,2016,3
2291,SAN_BORJA,2015-04-06,150000,-77.0077,-12.1086,128,NA,21.4,NA,LIMA,LIMA,SAN_BORJA,150130,20240430,2015,4
102375,CAMPO_DE_MARTE,2017-05-07,190000,-77.0432,-12.0705,117,26.09,13.8,9.7,LIMA,LIMA,JESUS_MARIA,150113,20240430,2017,5
3397,SAN_BORJA,2015-05-22,170000,-77.0077,-12.1086,128,NA,18,NA,LIMA,LIMA,SAN_BORJA,150130,20240430,2015,5
394912,SAN_JUAN_DE_LURIGANCHO,2022-09-23,200000,-76.9992,-11.9816,240,82.2,48.25,NA,LIMA,LIMA,SAN_JUAN_DE_LURIGANCHO,150132,20240430,2022,9
195062,SANTA_ANITA,2018-08-04,180000,-76.9714,-12.043,253,22.72,18.9,NA,LIMA,LIMA,SANTA_ANITA,150137,20240430,2018,8
2973,SAN_BORJA,2015-05-05,010000,-77.0077,-12.1086,128,NA,17,NA,LIMA,LIMA,SAN_BORJA,150130,20240430,2015,5
561971,CARABAYLLO,2023-02-15,150000,-77.0336,-11.9022,179,79.52,41.67,NA,LIMA,LIMA,CARABAYLLO,150106,20240430,2023,2
385415,SAN_JUAN_DE_LURIGANCHO,2021-08-24,030000,-76.9992,-11.9816,240,NA,33.05,NA,LIMA,LIMA,SAN_JUAN_DE_LURIGANCHO,150132,20240430,2021,8
345229,SAN_JUAN_DE_LURIGANCHO,2017-01-22,170000,-76.9992,-11.9816,240,66.72,26.3,29.9,LIMA,LIMA,SAN_JUAN_DE_LURIGANCHO,150132,20240430,2017,1
379770,SAN_JUAN_DE_LURIGANCHO,2020-12-31,220000,-76.9992,-11.9816,240,NA,13.96,NA,LIMA,LIMA,SAN_JUAN_DE_LURIGANCHO,150132,20240430,2020,12
321111,VILLA_MARIA_DEL_TRIUNFO,2023-08-22,190000,-76.92,-12.1664,272,NA,21.63,12.3,LIMA,LIMA,VILLA_MARIA_DEL_TRIUNFO,150143,20240430,2023,8
254041,VILLA_MARIA_DEL_TRIUNFO,2015-12-28,050000,-76.92,-12.1664,272,69.57,19.1,NA,LIMA,LIMA,VILLA_MARIA_DEL_TRIUNFO,150143,20240430,2015,12
245240,SANTA_ANITA,2024-04-25,120000,-76.9714,-12.043,253,28.33,23.25,40.2,LIMA,LIMA,SANTA_ANITA,150137,20240430,2024,4
493802,CARABAYLLO,2015-05-08,060000,-77.0336,-11.9022,179,57.5,22.5,20.1,LIMA,LIMA,CARABAYLLO,150106,20240430,2015,5
45219,SAN_BORJA,2020-02-28,070000,-77.0077,-12.1086,128,NA,7.3,5.1,LIMA,LIMA,SAN_BORJA,150130,20240430,2020,2
111399,CAMPO_DE_MARTE,2018-05-18,190000,-77.0432,-12.0705,117,71.14,40.5,33.6,LIMA,LIMA,JESUS_MARIA,150113,20240430,2018,5
230714,SANTA_ANITA,2022-08-29,060000,-76.9714,-12.043,253,58.46,46.97,22.5,LIMA,LIMA,SANTA_ANITA,150137,20240430,2022,8
89188,CAMPO_DE_MARTE,2015-11-05,080000,-77.0432,-12.0705,117,31.21,10.8,NA,LIMA,LIMA,JESUS_MARIA,150113,20240430,2015,11
526511,CARABAYLLO,2019-01-30,030000,-77.0336,-11.9022,179,NA,155.5,NA,LIMA,LIMA,CARABAYLLO,150106,20240430,2019,1
98888,CAMPO_DE_MARTE,2016-12-13,120000,-77.0432,-12.0705,117,26.98,6.9,NA,LIMA,LIMA,JESUS_MARIA,150113,20240430,2016,12
127431,CAMPO_DE_MARTE,2020-03-16,190000,-77.0432,-12.0705,117,20.42,11.24,NA,LIMA,LIMA,JESUS_MARIA,150113,20240430,2020,3
380801,SAN_JUAN_DE_LURIGANCHO,2021-02-12,210000,-76.9992,-11.9816,240,NA,13.32,NA,LIMA,LIMA,SAN_JUAN_DE_LURIGANCHO,150132,20240430,2021,2
78822,SAN_BORJA,2023-12-29,100000,-77.0077,-12.1086,128,30.99,11.95,9.1,LIMA,LIMA,SAN_BORJA,150130,20240430,2023,12
108031,CAMPO_DE_MARTE,2017-12-29,110000,-77.0432,-12.0705,117,14.14,8.5,2,LIMA,LIMA,JESUS_MARIA,150113,20240430,2017,12
246128,VILLA_MARIA_DEL_TRIUNFO,2015-02-01,120000,-76.92,-12.1664,272,68.96,21.4,NA,LIMA,LIMA,VILLA_MARIA_DEL_TRIUNFO,150143,20240430,2015,2
33741,SAN_BORJA,2018-11-07,010000,-77.0077,-12.1086,128,61.08,10.6,32.2,LIMA,LIMA,SAN_BORJA,150130,20240430,2018,11
23983,SAN_BORJA,2017-09-26,110000,-77.0077,-12.1086,128,69.33,21.1,46.5,LIMA,LIMA,SAN_BORJA,150130,20240430,2017,9
393101,SAN_JUAN_DE_LURIGANCHO,2022-07-10,090000,-76.9992,-11.9816,240,46.9,36.61,NA,LIMA,LIMA,SAN_JUAN_DE_LURIGANCHO,150132,20240430,2022,7
519223,CARABAYLLO,2018-04-01,110000,-77.0336,-11.9022,179,45.7,23.4,NA,LIMA,LIMA,CARABAYLLO,150106,20240430,2018,4
72326,SAN_BORJA,2023-04-02,180000,-77.0077,-12.1086,128,29.29,8.78,5.3,LIMA,LIMA,SAN_BORJA,150130,20240430,2023,4
62236,SAN_BORJA,2022-02-06,080000,-77.0077,-12.1086,128,40.15,15.33,10.4,LIMA,LIMA,SAN_BORJA,150130,20240430,2022,2
16264,SAN_BORJA,2016-11-08,200000,-77.0077,-12.1086,128,43.28,14.4,4.8,LIMA,LIMA,SAN_BORJA,150130,20240430,2016,11
102394,CAMPO_DE_MARTE,2017-05-08,140000,-77.0432,-12.0705,117,101.9,29.7,29,LIMA,LIMA,JESUS_MARIA,150113,20240430,2017,5
314836,VILLA_MARIA_DEL_TRIUNFO,2022-12-04,080000,-76.92,-12.1664,272,25.64,20.06,5,LIMA,LIMA,VILLA_MARIA_DEL_TRIUNFO,150143,20240430,2022,12
195002,SANTA_ANITA,2018-08-02,060000,-76.9714,-12.043,253,51.62,45.5,NA,LIMA,LIMA,SANTA_ANITA,150137,20240430,2018,8
310248,VILLA_MARIA_DEL_TRIUNFO,2022-05-27,040000,-76.92,-12.1664,272,61.66,50.82,26.7,LIMA,LIMA,VILLA_MARIA_DEL_TRIUNFO,150143,20240430,2022,5
95010,CAMPO_DE_MARTE,2016-07-04,220000,-77.0432,-12.0705,117,31.6,14.8,NA,LIMA,LIMA,JESUS_MARIA,150113,20240430,2016,7
395439,SAN_JUAN_DE_LURIGANCHO,2022-10-15,190000,-76.9992,-11.9816,240,71.97,38.43,NA,LIMA,LIMA,SAN_JUAN_DE_LURIGANCHO,150132,20240430,2022,10
163483,CAMPO_DE_MARTE,2024-04-26,230000,-77.0432,-12.0705,117,24.38,16.31,26.5,LIMA,LIMA,JESUS_MARIA,150113,20240430,2024,4
480083,SAN_MARTIN_DE_PORRES,2023-02-11,150000,-77.0845,-12.0089,56,21.56,13.69,NA,LIMA,LIMA,SAN_MARTIN_DE_PORRES,150135,20240430,2023,2
324195,VILLA_MARIA_DEL_TRIUNFO,2023-12-29,070000,-76.92,-12.1664,272,19.14,13.36,18.4,LIMA,LIMA,VILLA_MARIA_DEL_TRIUNFO,150143,20240430,2023,12
266097,VILLA_MARIA_DEL_TRIUNFO,2017-05-13,130000,-76.92,-12.1664,272,276.6,56.8,22.4,LIMA,LIMA,VILLA_MARIA_DEL_TRIUNFO,150143,20240430,2017,5
522738,CARABAYLLO,2018-08-25,220000,-77.0336,-11.9022,179,70.07,3.8,NA,LIMA,LIMA,CARABAYLLO,150106,20240430,2018,8
147100,CAMPO_DE_MARTE,2022-06-14,080000,-77.0432,-12.0705,117,13.62,10.03,5,LIMA,LIMA,JESUS_MARIA,150113,20240430,2022,6
277906,VILLA_MARIA_DEL_TRIUNFO,2018-09-17,140000,-76.92,-12.1664,272,34.8,14.8,NA,LIMA,LIMA,VILLA_MARIA_DEL_TRIUNFO,150143,20240430,2018,9
4606,SAN_BORJA,2015-07-12,020000,-77.0077,-12.1086,128,60.6,31.8,NA,LIMA,LIMA,SAN_BORJA,150130,20240430,2015,7
182233,SANTA_ANITA,2017-02-16,050000,-76.9714,-12.043,253,NA,35.3,NA,LIMA,LIMA,SANTA_ANITA,150137,20240430,2017,2
507053,CARABAYLLO,2016-11-10,090000,-77.0336,-11.9022,179,75.6,27.6,32.6,LIMA,LIMA,CARABAYLLO,150106,20240430,2016,11
497187,CARABAYLLO,2015-09-26,070000,-77.0336,-11.9022,179,58.59,9.4,26,LIMA,LIMA,CARABAYLLO,150106,20240430,2015,9
339322,SAN_JUAN_DE_LURIGANCHO,2016-05-21,140000,-76.9992,-11.9816,240,170.5,99.8,86.9,LIMA,LIMA,SAN_JUAN_DE_LURIGANCHO,150132,20240430,2016,5
390372,SAN_JUAN_DE_LURIGANCHO,2022-03-18,160000,-76.9992,-11.9816,240,98.9,53.15,NA,LIMA,LIMA,SAN_JUAN_DE_LURIGANCHO,150132,20240430,2022,3
373519,SAN_JUAN_DE_LURIGANCHO,2020-04-15,110000,-76.9992,-11.9816,240,NA,15.96,NA,LIMA,LIMA,SAN_JUAN_DE_LURIGANCHO,150132,20240430,2020,4
287406,VILLA_MARIA_DEL_TRIUNFO,2019-10-18,100000,-76.92,-12.1664,272,NA,13.13,NA,LIMA,LIMA,VILLA_MARIA_DEL_TRIUNFO,150143,20240430,2019,10
259004,VILLA_MARIA_DEL_TRIUNFO,2016-07-22,000000,-76.92,-12.1664,272,76.38,21.3,26.5,LIMA,LIMA,VILLA_MARIA_DEL_TRIUNFO,150143,20240430,2016,7
338456,SAN_JUAN_DE_LURIGANCHO,2016-04-15,120000,-76.9992,-11.9816,240,138.7,44.7,27.6,LIMA,LIMA,SAN_JUAN_DE_LURIGANCHO,150132,20240430,2016,4
438274,SAN_MARTIN_DE_PORRES,2018-05-06,140000,-77.0845,-12.0089,56,NA,34.5,34.5,LIMA,LIMA,SAN_MARTIN_DE_PORRES,150135,20240430,2018,5
437889,SAN_MARTIN_DE_PORRES,2018-04-20,130000,-77.0845,-12.0089,56,103.36,44.4,88.4,LIMA,LIMA,SAN_MARTIN_DE_PORRES,150135,20240430,2018,4
541011,CARABAYLLO,2020-09-25,070000,-77.0336,-11.9022,179,62,25.72,8.1,LIMA,LIMA,CARABAYLLO,150106,20240430,2020,9
488541,SAN_MARTIN_DE_PORRES,2024-01-30,010000,-77.0845,-12.0089,56,50.66167,21.05,NA,LIMA,LIMA,SAN_MARTIN_DE_PORRES,150135,20240430,2024,1
161131,CAMPO_DE_MARTE,2024-01-19,230000,-77.0432,-12.0705,117,23.47,15.73,16.3,LIMA,LIMA,JESUS_MARIA,150113,20240430,2024,1
187502,SANTA_ANITA,2017-09-23,180000,-76.9714,-12.043,253,NA,36.4,60.7,LIMA,LIMA,SANTA_ANITA,150137,20240430,2017,9
159694,CAMPO_DE_MARTE,2023-11-21,020000,-77.0432,-12.0705,117,NA,16.99,32.2,LIMA,LIMA,JESUS_MARIA,150113,20240430,2023,11
380383,SAN_JUAN_DE_LURIGANCHO,2021-01-26,110000,-76.9992,-11.9816,240,NA,12.17,NA,LIMA,LIMA,SAN_JUAN_DE_LURIGANCHO,150132,20240430,2021,1
145506,CAMPO_DE_MARTE,2022-04-08,220000,-77.0432,-12.0705,117,17.54,14.79,11,LIMA,LIMA,JESUS_MARIA,150113,20240430,2022,4
87424,CAMPO_DE_MARTE,2015-08-23,200000,-77.0432,-12.0705,117,21.28,7.8,NA,LIMA,LIMA,JESUS_MARIA,150113,20240430,2015,8
312759,VILLA_MARIA_DEL_TRIUNFO,2022-09-08,190000,-76.92,-12.1664,272,90.19,37.17,16.5,LIMA,LIMA,VILLA_MARIA_DEL_TRIUNFO,150143,20240430,2022,9
361821,SAN_JUAN_DE_LURIGANCHO,2018-12-15,010000,-76.9992,-11.9816,240,74.15,44.8,27.7,LIMA,LIMA,SAN_JUAN_DE_LURIGANCHO,150132,20240430,2018,12
396305,SAN_JUAN_DE_LURIGANCHO,2022-11-20,210000,-76.9992,-11.9816,240,40.38,22.05,NA,LIMA,LIMA,SAN_JUAN_DE_LURIGANCHO,150132,20240430,2022,11
11824,SAN_BORJA,2016-05-07,200000,-77.0077,-12.1086,128,45.26,15,32.6,LIMA,LIMA,SAN_BORJA,150130,20240430,2016,5
555036,CARABAYLLO,2022-05-02,160000,-77.0336,-11.9022,179,148.5,54.76,42.3,LIMA,LIMA,CARABAYLLO,150106,20240430,2022,5
70032,SAN_BORJA,2022-12-28,040000,-77.0077,-12.1086,128,32.03,14.3,12.6,LIMA,LIMA,SAN_BORJA,150130,20240430,2022,12
426856,SAN_MARTIN_DE_PORRES,2017-01-15,200000,-77.0845,-12.0089,56,40.81,9.2,16.8,LIMA,LIMA,SAN_MARTIN_DE_PORRES,150135,20240430,2017,1
320058,VILLA_MARIA_DEL_TRIUNFO,2023-07-09,220000,-76.92,-12.1664,272,27.54,18.72,13.6,LIMA,LIMA,VILLA_MARIA_DEL_TRIUNFO,150143,20240430,2023,7
286582,VILLA_MARIA_DEL_TRIUNFO,2019-09-14,020000,-76.92,-12.1664,272,87,11.38,19.5,LIMA,LIMA,VILLA_MARIA_DEL_TRIUNFO,150143,20240430,2019,9
173803,SANTA_ANITA,2016-03-01,230000,-76.9714,-12.043,253,101.1,32.3,NA,LIMA,LIMA,SANTA_ANITA,150137,20240430,2016,3
447411,SAN_MARTIN_DE_PORRES,2019-05-22,070000,-77.0845,-12.0089,56,NA,27.8,89.7,LIMA,LIMA,SAN_MARTIN_DE_PORRES,150135,20240430,2019,5
375859,SAN_JUAN_DE_LURIGANCHO,2020-07-21,230000,-76.9992,-11.9816,240,NA,17.21,NA,LIMA,LIMA,SAN_JUAN_DE_LURIGANCHO,150132,20240430,2020,7
487198,SAN_MARTIN_DE_PORRES,2023-12-05,020000,-77.0845,-12.0089,56,26.66166,19.04,21.7,LIMA,LIMA,SAN_MARTIN_DE_PORRES,150135,20240430,2023,12
339707,SAN_JUAN_DE_LURIGANCHO,2016-06-06,150000,-76.9992,-11.9816,240,157.3,54.2,57.8,LIMA,LIMA,SAN_JUAN_DE_LURIGANCHO,150132,20240430,2016,6
101736,CAMPO_DE_MARTE,2017-04-11,040000,-77.0432,-12.0705,117,27.86,13.3,21.2,LIMA,LIMA,JESUS_MARIA,150113,20240430,2017,4
392383,SAN_JUAN_DE_LURIGANCHO,2022-06-10,110000,-76.9992,-11.9816,240,28.51,22.08,NA,LIMA,LIMA,SAN_JUAN_DE_LURIGANCHO,150132,20240430,2022,6
502086,CARABAYLLO,2016-04-17,100000,-77.0336,-11.9022,179,66.09,36.2,13.4,LIMA,LIMA,CARABAYLLO,150106,20240430,2016,4
310034,VILLA_MARIA_DEL_TRIUNFO,2022-05-18,060000,-76.92,-12.1664,272,58.38,39.66,14.6,LIMA,LIMA,VILLA_MARIA_DEL_TRIUNFO,150143,20240430,2022,5
472500,SAN_MARTIN_DE_PORRES,2022-04-01,160000,-77.0845,-12.0089,56,70.41,26.16,33.4,LIMA,LIMA,SAN_MARTIN_DE_PORRES,150135,20240430,2022,4
176524,SANTA_ANITA,2016-06-23,080000,-76.9714,-12.043,253,28.66,20,2.7,LIMA,LIMA,SANTA_ANITA,150137,20240430,2016,6
548753,CARABAYLLO,2021-08-13,210000,-77.0336,-11.9022,179,72.23,20.43,NA,LIMA,LIMA,CARABAYLLO,150106,20240430,2021,8
34214,SAN_BORJA,2018-11-26,180000,-77.0077,-12.1086,128,52.72,15.7,22.7,LIMA,LIMA,SAN_BORJA,150130,20240430,2018,11
117986,CAMPO_DE_MARTE,2019-02-17,060000,-77.0432,-12.0705,117,10,7.9,NA,LIMA,LIMA,JESUS_MARIA,150113,20240430,2019,2
337843,SAN_JUAN_DE_LURIGANCHO,2016-03-20,230000,-76.9992,-11.9816,240,50.49,7.8,16.2,LIMA,LIMA,SAN_JUAN_DE_LURIGANCHO,150132,20240430,2016,3
557233,CARABAYLLO,2022-08-02,050000,-77.0336,-11.9022,179,82.9,55.87,34.9,LIMA,LIMA,CARABAYLLO,150106,20240430,2022,8
65317,SAN_BORJA,2022-06-14,170000,-77.0077,-12.1086,128,60.67,21.76,20.5,LIMA,LIMA,SAN_BORJA,150130,20240430,2022,6
312353,VILLA_MARIA_DEL_TRIUNFO,2022-08-22,210000,-76.92,-12.1664,272,53.46,35.67,25,LIMA,LIMA,VILLA_MARIA_DEL_TRIUNFO,150143,20240430,2022,8
330080,SAN_JUAN_DE_LURIGANCHO,2015-05-02,120000,-76.9992,-11.9816,240,60.65,16.7,12.6,LIMA,LIMA,SAN_JUAN_DE_LURIGANCHO,150132,20240430,2015,5
415369,SAN_MARTIN_DE_PORRES,2015-09-25,050000,-77.0845,-12.0089,56,40.39,11.1,24.3,LIMA,LIMA,SAN_MARTIN_DE_PORRES,150135,20240430,2015,9
78000,SAN_BORJA,2023-11-25,040000,-77.0077,-12.1086,128,40.64,14.22,15.5,LIMA,LIMA,SAN_BORJA,150130,20240430,2023,11
559358,CARABAYLLO,2022-10-29,180000,-77.0336,-11.9022,179,98.8,67.04,NA,LIMA,LIMA,CARABAYLLO,150106,20240430,2022,10
319803,VILLA_MARIA_DEL_TRIUNFO,2023-06-29,070000,-76.92,-12.1664,272,15.03,10.82,9.7,LIMA,LIMA,VILLA_MARIA_DEL_TRIUNFO,150143,20240430,2023,6
347317,SAN_JUAN_DE_LURIGANCHO,2017-04-19,170000,-76.9992,-11.9816,240,132.9,27.9,NA,LIMA,LIMA,SAN_JUAN_DE_LURIGANCHO,150132,20240430,2017,4
563687,CARABAYLLO,2023-04-28,030000,-77.0336,-11.9022,179,29.12,22.21,NA,LIMA,LIMA,CARABAYLLO,150106,20240430,2023,4
176575,SANTA_ANITA,2016-06-25,110000,-76.9714,-12.043,253,77.6,37.1,4.2,LIMA,LIMA,SANTA_ANITA,150137,20240430,2016,6
78813,SAN_BORJA,2023-12-29,010000,-77.0077,-12.1086,128,49.45,14.43,26.4,LIMA,LIMA,SAN_BORJA,150130,20240430,2023,12
383355,SAN_JUAN_DE_LURIGANCHO,2021-05-30,070000,-76.9992,-11.9816,240,NA,42.87,NA,LIMA,LIMA,SAN_JUAN_DE_LURIGANCHO,150132,20240430,2021,5
379523,SAN_JUAN_DE_LURIGANCHO,2020-12-21,150000,-76.9992,-11.9816,240,NA,45.58,NA,LIMA,LIMA,SAN_JUAN_DE_LURIGANCHO,150132,20240430,2020,12
420589,SAN_MARTIN_DE_PORRES,2016-04-29,170000,-77.0845,-12.0089,56,46.21,14.6,12,LIMA,LIMA,SAN_MARTIN_DE_PORRES,150135,20240430,2016,4
3213,SAN_BORJA,2015-05-15,010000,-77.0077,-12.1086,128,NA,31.3,NA,LIMA,LIMA,SAN_BORJA,150130,20240430,2015,5
279418,VILLA_MARIA_DEL_TRIUNFO,2018-11-19,140000,-76.92,-12.1664,272,310.4,45.9,NA,LIMA,LIMA,VILLA_MARIA_DEL_TRIUNFO,150143,20240430,2018,11
434230,SAN_MARTIN_DE_PORRES,2017-11-19,020000,-77.0845,-12.0089,56,NA,20.2,19.3,LIMA,LIMA,SAN_MARTIN_DE_PORRES,150135,20240430,2017,11
92438,CAMPO_DE_MARTE,2016-03-19,180000,-77.0432,-12.0705,117,25.47,14.9,6.4,LIMA,LIMA,JESUS_MARIA,150113,20240430,2016,3
168883,SANTA_ANITA,2015-08-09,230000,-76.9714,-12.043,253,25.65,8.9,NA,LIMA,LIMA,SANTA_ANITA,150137,20240430,2015,8
255635,VILLA_MARIA_DEL_TRIUNFO,2016-03-03,150000,-76.92,-12.1664,272,288.09,52.1,28.2,LIMA,LIMA,VILLA_MARIA_DEL_TRIUNFO,150143,20240430,2016,3
228519,SANTA_ANITA,2022-05-29,190000,-76.9714,-12.043,253,50.73,31.35,45.5,LIMA,LIMA,SANTA_ANITA,150137,20240430,2022,5
171881,SANTA_ANITA,2015-12-12,210000,-76.9714,-12.043,253,78.25,26.5,NA,LIMA,LIMA,SANTA_ANITA,150137,20240430,2015,12
471247,SAN_MARTIN_DE_PORRES,2022-02-08,110000,-77.0845,-12.0089,56,35.04,23.4,27,LIMA,LIMA,SAN_MARTIN_DE_PORRES,150135,20240430,2022,2
506441,CARABAYLLO,2016-10-15,210000,-77.0336,-11.9022,179,72.75,18.9,8.2,LIMA,LIMA,CARABAYLLO,150106,20240430,2016,10
232086,SANTA_ANITA,2022-10-25,100000,-76.9714,-12.043,253,20.95,15.77,16.4,LIMA,LIMA,SANTA_ANITA,150137,20240430,2022,10
51565,SAN_BORJA,2020-11-18,170000,-77.0077,-12.1086,128,37.53,20.19,NA,LIMA,LIMA,SAN_BORJA,150130,20240430,2020,11
67697,SAN_BORJA,2022-09-21,210000,-77.0077,-12.1086,128,137.3,31.89,22.2,LIMA,LIMA,SAN_BORJA,150130,20240430,2022,9
473218,SAN_MARTIN_DE_PORRES,2022-05-01,140000,-77.0845,-12.0089,56,59.85,42.14,20.3,LIMA,LIMA,SAN_MARTIN_DE_PORRES,150135,20240430,2022,5
318804,VILLA_MARIA_DEL_TRIUNFO,2023-05-18,160000,-76.92,-12.1664,272,19.22,12.97,NA,LIMA,LIMA,VILLA_MARIA_DEL_TRIUNFO,150143,20240430,2023,5
351111,SAN_JUAN_DE_LURIGANCHO,2017-09-24,190000,-76.9992,-11.9816,240,95.4,17.3,34.3,LIMA,LIMA,SAN_JUAN_DE_LURIGANCHO,150132,20240430,2017,9
386310,SAN_JUAN_DE_LURIGANCHO,2021-09-30,100000,-76.9992,-11.9816,240,NA,48.06,NA,LIMA,LIMA,SAN_JUAN_DE_LURIGANCHO,150132,20240430,2021,9
137924,CAMPO_DE_MARTE,2021-05-28,000000,-77.0432,-12.0705,117,7.93,7.77,NA,LIMA,LIMA,JESUS_MARIA,150113,20240430,2021,5
149657,CAMPO_DE_MARTE,2022-09-28,210000,-77.0432,-12.0705,117,28.55,17.72,15.1,LIMA,LIMA,JESUS_MARIA,150113,20240430,2022,9
409960,SAN_MARTIN_DE_PORRES,2015-02-11,200000,-77.0845,-12.0089,56,92.72,10,2.4,LIMA,LIMA,SAN_MARTIN_DE_PORRES,150135,20240430,2015,2
469724,SAN_MARTIN_DE_PORRES,2021-12-07,000000,-77.0845,-12.0089,56,28.25,19.12,33.5,LIMA,LIMA,SAN_MARTIN_DE_PORRES,150135,20240430,2021,12
411144,SAN_MARTIN_DE_PORRES,2015-04-02,040000,-77.0845,-12.0089,56,47.99,14.9,13.9,LIMA,LIMA,SAN_MARTIN_DE_PORRES,150135,20240430,2015,4
98068,CAMPO_DE_MARTE,2016-11-09,080000,-77.0432,-12.0705,117,51.38,14.9,NA,LIMA,LIMA,JESUS_MARIA,150113,20240430,2016,11
126423,CAMPO_DE_MARTE,2020-02-03,190000,-77.0432,-12.0705,117,24.03,17.18,NA,LIMA,LIMA,JESUS_MARIA,150113,20240430,2020,2
160925,CAMPO_DE_MARTE,2024-01-11,090000,-77.0432,-12.0705,117,17.07,11.58,7.2,LIMA,LIMA,JESUS_MARIA,150113,20240430,2024,1
436614,SAN_MARTIN_DE_PORRES,2018-02-26,100000,-77.0845,-12.0089,56,15.5,6,NA,LIMA,LIMA,SAN_MARTIN_DE_PORRES,150135,20240430,2018,2
65653,SAN_BORJA,2022-06-28,170000,-77.0077,-12.1086,128,72.89,37.36,20.9,LIMA,LIMA,SAN_BORJA,150130,20240430,2022,6
383199,SAN_JUAN_DE_LURIGANCHO,2021-05-23,190000,-76.9992,-11.9816,240,NA,26.27,NA,LIMA,LIMA,SAN_JUAN_DE_LURIGANCHO,150132,20240430,2021,5
288775,VILLA_MARIA_DEL_TRIUNFO,2019-12-14,110000,-76.92,-12.1664,272,NA,33.44,NA,LIMA,LIMA,VILLA_MARIA_DEL_TRIUNFO,150143,20240430,2019,12
378715,SAN_JUAN_DE_LURIGANCHO,2020-11-17,230000,-76.9992,-11.9816,240,NA,31.63,NA,LIMA,LIMA,SAN_JUAN_DE_LURIGANCHO,150132,20240430,2020,11
151703,CAMPO_DE_MARTE,2022-12-23,030000,-77.0432,-12.0705,117,19.94,18.86,8.9,LIMA,LIMA,JESUS_MARIA,150113,20240430,2022,12
268059,VILLA_MARIA_DEL_TRIUNFO,2017-08-03,070000,-76.92,-12.1664,272,14.75,10.2,1.4,LIMA,LIMA,VILLA_MARIA_DEL_TRIUNFO,150143,20240430,2017,8
417846,SAN_MARTIN_DE_PORRES,2016-01-06,100000,-77.0845,-12.0089,56,30.5,14.9,9.6,LIMA,LIMA,SAN_MARTIN_DE_PORRES,150135,20240430,2016,1
80618,SAN_BORJA,2024-03-13,060000,-77.0077,-12.1086,128,35.16,13.1,13.2,LIMA,LIMA,SAN_BORJA,150130,20240430,2024,3
479020,SAN_MARTIN_DE_PORRES,2022-12-29,080000,-77.0845,-12.0089,56,15.17,10.72,NA,LIMA,LIMA,SAN_MARTIN_DE_PORRES,150135,20240430,2022,12
126933,CAMPO_DE_MARTE,2020-02-25,010000,-77.0432,-12.0705,117,19.45,13.76,NA,LIMA,LIMA,JESUS_MARIA,150113,20240430,2020,2
181211,SANTA_ANITA,2017-01-04,150000,-76.9714,-12.043,253,39.54,20.7,30.6,LIMA,LIMA,SANTA_ANITA,150137,20240430,2017,1
427105,SAN_MARTIN_DE_PORRES,2017-01-26,050000,-77.0845,-12.0089,56,88.73,4.7,14.4,LIMA,LIMA,SAN_MARTIN_DE_PORRES,150135,20240430,2017,1
521465,CARABAYLLO,2018-07-03,210000,-77.0336,-11.9022,179,94.8,24.9,20.9,LIMA,LIMA,CARABAYLLO,150106,20240430,2018,7
279477,VILLA_MARIA_DEL_TRIUNFO,2018-11-22,010000,-76.92,-12.1664,272,167.9,14.9,NA,LIMA,LIMA,VILLA_MARIA_DEL_TRIUNFO,150143,20240430,2018,11
482059,SAN_MARTIN_DE_PORRES,2023-05-04,230000,-77.0845,-12.0089,56,21.27,15.04,NA,LIMA,LIMA,SAN_MARTIN_DE_PORRES,150135,20240430,2023,5
136171,CAMPO_DE_MARTE,2021-03-15,230000,-77.0432,-12.0705,117,30.54,10.04,NA,LIMA,LIMA,JESUS_MARIA,150113,20240430,2021,3
492963,CARABAYLLO,2015-04-03,070000,-77.0336,-11.9022,179,48.1,19.3,NA,LIMA,LIMA,CARABAYLLO,150106,20240430,2015,4
234990,SANTA_ANITA,2023-02-23,100000,-76.9714,-12.043,253,21.04,14.28,7.5,LIMA,LIMA,SANTA_ANITA,150137,20240430,2023,2
523823,CARABAYLLO,2018-10-10,030000,-77.0336,-11.9022,179,73.1,10.8,2.7,LIMA,LIMA,CARABAYLLO,150106,20240430,2018,10
317466,VILLA_MARIA_DEL_TRIUNFO,2023-03-23,220000,-76.92,-12.1664,272,39,12.13,9.6,LIMA,LIMA,VILLA_MARIA_DEL_TRIUNFO,150143,20240430,2023,3
75648,SAN_BORJA,2023-08-19,040000,-77.0077,-12.1086,128,87.3,21.08,26.6,LIMA,LIMA,SAN_BORJA,150130,20240430,2023,8
562484,CARABAYLLO,2023-03-09,000000,-77.0336,-11.9022,179,84.7,22.34,NA,LIMA,LIMA,CARABAYLLO,150106,20240430,2023,3
160457,CAMPO_DE_MARTE,2023-12-22,210000,-77.0432,-12.0705,117,19.85,8.5,NA,LIMA,LIMA,JESUS_MARIA,150113,20240430,2023,12
165034,SANTA_ANITA,2015-03-02,140000,-76.9714,-12.043,253,29.87,16.5,NA,LIMA,LIMA,SANTA_ANITA,150137,20240430,2015,3
148305,CAMPO_DE_MARTE,2022-08-03,130000,-77.0432,-12.0705,117,23.03,19.63,23.3,LIMA,LIMA,JESUS_MARIA,150113,20240430,2022,8
51211,SAN_BORJA,2020-11-03,230000,-77.0077,-12.1086,128,44.83,24.31,NA,LIMA,LIMA,SAN_BORJA,150130,20240430,2020,11
396196,SAN_JUAN_DE_LURIGANCHO,2022-11-16,080000,-76.9992,-11.9816,240,63.67,44.44,NA,LIMA,LIMA,SAN_JUAN_DE_LURIGANCHO,150132,20240430,2022,11
568573,CARABAYLLO,2023-11-17,170000,-77.0336,-11.9022,179,52.59,38.63,46.7,LIMA,LIMA,CARABAYLLO,150106,20240430,2023,11
320892,VILLA_MARIA_DEL_TRIUNFO,2023-08-13,160000,-76.92,-12.1664,272,NA,24.2,12.4,LIMA,LIMA,VILLA_MARIA_DEL_TRIUNFO,150143,20240430,2023,8
475038,SAN_MARTIN_DE_PORRES,2022-07-16,100000,-77.0845,-12.0089,56,22.19,14.93,37.9,LIMA,LIMA,SAN_MARTIN_DE_PORRES,150135,20240430,2022,7
253508,VILLA_MARIA_DEL_TRIUNFO,2015-12-06,000000,-76.92,-12.1664,272,119.45,10.3,15.2,LIMA,LIMA,VILLA_MARIA_DEL_TRIUNFO,150143,20240430,2015,12
416599,SAN_MARTIN_DE_PORRES,2015-11-15,110000,-77.0845,-12.0089,56,24.2,9.5,9.2,LIMA,LIMA,SAN_MARTIN_DE_PORRES,150135,20240430,2015,11
241347,SANTA_ANITA,2023-11-15,070000,-76.9714,-12.043,253,44.54,34.25,11.3,LIMA,LIMA,SANTA_ANITA,150137,20240430,2023,11
63842,SAN_BORJA,2022-04-14,060000,-77.0077,-12.1086,128,109.3,33.54,28.6,LIMA,LIMA,SAN_BORJA,150130,20240430,2022,4
241940,SANTA_ANITA,2023-12-10,000000,-76.9714,-12.043,253,40.98,29.88,NA,LIMA,LIMA,SANTA_ANITA,150137,20240430,2023,12
243892,SANTA_ANITA,2024-02-29,080000,-76.9714,-12.043,253,25.8,18.34,23.2,LIMA,LIMA,SANTA_ANITA,150137,20240430,2024,2
21040,SAN_BORJA,2017-05-26,200000,-77.0077,-12.1086,128,57.4,13.4,18.3,LIMA,LIMA,SAN_BORJA,150130,20240430,2017,5
4773,SAN_BORJA,2015-07-19,010000,-77.0077,-12.1086,128,44.67,15.7,15.4,LIMA,LIMA,SAN_BORJA,150130,20240430,2015,7
334013,SAN_JUAN_DE_LURIGANCHO,2015-10-13,090000,-76.9992,-11.9816,240,76.38,32,22.3,LIMA,LIMA,SAN_JUAN_DE_LURIGANCHO,150132,20240430,2015,10
438825,SAN_MARTIN_DE_PORRES,2018-05-29,130000,-77.0845,-12.0089,56,NA,69.4,50.3,LIMA,LIMA,SAN_MARTIN_DE_PORRES,150135,20240430,2018,5
206089,SANTA_ANITA,2019-11-07,050000,-76.9714,-12.043,253,121.7,21.04,36,LIMA,LIMA,SANTA_ANITA,150137,20240430,2019,11
178374,SANTA_ANITA,2016-09-08,100000,-76.9714,-12.043,253,NA,44.9,NA,LIMA,LIMA,SANTA_ANITA,150137,20240430,2016,9
98274,CAMPO_DE_MARTE,2016-11-17,220000,-77.0432,-12.0705,117,89,12.7,NA,LIMA,LIMA,JESUS_MARIA,150113,20240430,2016,11
105462,CAMPO_DE_MARTE,2017-09-13,100000,-77.0432,-12.0705,117,34.88,15.1,NA,LIMA,LIMA,JESUS_MARIA,150113,20240430,2017,9
332396,SAN_JUAN_DE_LURIGANCHO,2015-08-07,000000,-76.9992,-11.9816,240,72.09,21.8,35.3,LIMA,LIMA,SAN_JUAN_DE_LURIGANCHO,150132,20240430,2015,8
429817,SAN_MARTIN_DE_PORRES,2017-05-19,050000,-77.0845,-12.0089,56,35.62,7.4,11,LIMA,LIMA,SAN_MARTIN_DE_PORRES,150135,20240430,2017,5
318077,VILLA_MARIA_DEL_TRIUNFO,2023-04-18,090000,-76.92,-12.1664,272,10.68,10.53,4.2,LIMA,LIMA,VILLA_MARIA_DEL_TRIUNFO,150143,20240430,2023,4
327749,SAN_JUAN_DE_LURIGANCHO,2015-01-25,090000,-76.9992,-11.9816,240,46.65,15.5,NA,LIMA,LIMA,SAN_JUAN_DE_LURIGANCHO,150132,20240430,2015,1
113845,CAMPO_DE_MARTE,2018-08-28,170000,-77.0432,-12.0705,117,27.66,19.4,36.9,LIMA,LIMA,JESUS_MARIA,150113,20240430,2018,8
108267,CAMPO_DE_MARTE,2018-01-08,070000,-77.0432,-12.0705,117,20.64,3.5,0.9,LIMA,LIMA,JESUS_MARIA,150113,20240430,2018,1
263247,VILLA_MARIA_DEL_TRIUNFO,2017-01-14,190000,-76.92,-12.1664,272,111.9,26.8,25.8,LIMA,LIMA,VILLA_MARIA_DEL_TRIUNFO,150143,20240430,2017,1
110472,CAMPO_DE_MARTE,2018-04-10,040000,-77.0432,-12.0705,117,24.98,17.8,16.4,LIMA,LIMA,JESUS_MARIA,150113,20240430,2018,4
171556,SANTA_ANITA,2015-11-29,080000,-76.9714,-12.043,253,35.65,22.5,NA,LIMA,LIMA,SANTA_ANITA,150137,20240430,2015,11
348466,SAN_JUAN_DE_LURIGANCHO,2017-06-06,140000,-76.9992,-11.9816,240,43.71,16.8,46.6,LIMA,LIMA,SAN_JUAN_DE_LURIGANCHO,150132,20240430,2017,6
407166,SAN_JUAN_DE_LURIGANCHO,2024-02-16,100000,-76.9992,-11.9816,240,26.01,17.41,NA,LIMA,LIMA,SAN_JUAN_DE_LURIGANCHO,150132,20240430,2024,2
525315,CARABAYLLO,2018-12-11,070000,-77.0336,-11.9022,179,48.42,12.1,4.1,LIMA,LIMA,CARABAYLLO,150106,20240430,2018,12
434834,SAN_MARTIN_DE_PORRES,2017-12-14,060000,-77.0845,-12.0089,56,38.29,5.6,5.6,LIMA,LIMA,SAN_MARTIN_DE_PORRES,150135,20240430,2017,12
167230,SANTA_ANITA,2015-06-02,020000,-76.9714,-12.043,253,72.99,29.7,NA,LIMA,LIMA,SANTA_ANITA,150137,20240430,2015,6
35106,SAN_BORJA,2019-01-02,220000,-77.0077,-12.1086,128,42.98,9.3,NA,LIMA,LIMA,SAN_BORJA,150130,20240430,2019,1
151376,CAMPO_DE_MARTE,2022-12-09,120000,-77.0432,-12.0705,117,21.43,20.46,7.3,LIMA,LIMA,JESUS_MARIA,150113,20240430,2022,12
448387,SAN_MARTIN_DE_PORRES,2019-07-01,230000,-77.0845,-12.0089,56,NA,3.6,NA,LIMA,LIMA,SAN_MARTIN_DE_PORRES,150135,20240430,2019,7
187747,SANTA_ANITA,2017-10-03,230000,-76.9714,-12.043,253,NA,22.5,38.4,LIMA,LIMA,SANTA_ANITA,150137,20240430,2017,10
434500,SAN_MARTIN_DE_PORRES,2017-11-30,080000,-77.0845,-12.0089,56,33.76,23.1,5.5,LIMA,LIMA,SAN_MARTIN_DE_PORRES,150135,20240430,2017,11
480565,SAN_MARTIN_DE_PORRES,2023-03-03,170000,-77.0845,-12.0089,56,31.71,15.35,NA,LIMA,LIMA,SAN_MARTIN_DE_PORRES,150135,20240430,2023,3
482549,SAN_MARTIN_DE_PORRES,2023-05-25,090000,-77.0845,-12.0089,56,11.35,9.05,NA,LIMA,LIMA,SAN_MARTIN_DE_PORRES,150135,20240430,2023,5
138144,CAMPO_DE_MARTE,2021-06-06,040000,-77.0432,-12.0705,117,23.35,18.42,NA,LIMA,LIMA,JESUS_MARIA,150113,20240430,2021,6
310435,VILLA_MARIA_DEL_TRIUNFO,2022-06-03,230000,-76.92,-12.1664,272,51.39,46.5,38.2,LIMA,LIMA,VILLA_MARIA_DEL_TRIUNFO,150143,20240430,2022,6
133435,CAMPO_DE_MARTE,2020-11-21,230000,-77.0432,-12.0705,117,20.36,16.24,NA,LIMA,LIMA,JESUS_MARIA,150113,20240430,2020,11
431082,SAN_MARTIN_DE_PORRES,2017-07-10,220000,-77.0845,-12.0089,56,29.49,14.6,29,LIMA,LIMA,SAN_MARTIN_DE_PORRES,150135,20240430,2017,7
188849,SANTA_ANITA,2017-11-18,210000,-76.9714,-12.043,253,38.03,15.6,9,LIMA,LIMA,SANTA_ANITA,150137,20240430,2017,11
312460,VILLA_MARIA_DEL_TRIUNFO,2022-08-27,080000,-76.92,-12.1664,272,20.77,19.74,12.2,LIMA,LIMA,VILLA_MARIA_DEL_TRIUNFO,150143,20240430,2022,8
45046,SAN_BORJA,2020-02-21,020000,-77.0077,-12.1086,128,NA,15.89,9.8,LIMA,LIMA,SAN_BORJA,150130,20240430,2020,2
93397,CAMPO_DE_MARTE,2016-04-28,170000,-77.0432,-12.0705,117,28.87,15.8,13.5,LIMA,LIMA,JESUS_MARIA,150113,20240430,2016,4
194413,SANTA_ANITA,2018-07-08,170000,-76.9714,-12.043,253,42.25,20.6,NA,LIMA,LIMA,SANTA_ANITA,150137,20240430,2018,7
337850,SAN_JUAN_DE_LURIGANCHO,2016-03-21,060000,-76.9992,-11.9816,240,110.5,26.7,22.5,LIMA,LIMA,SAN_JUAN_DE_LURIGANCHO,150132,20240430,2016,3
522844,CARABAYLLO,2018-08-30,080000,-77.0336,-11.9022,179,66.65,21.7,NA,LIMA,LIMA,CARABAYLLO,150106,20240430,2018,8
258519,VILLA_MARIA_DEL_TRIUNFO,2016-07-01,190000,-76.92,-12.1664,272,98.68,37.2,19.2,LIMA,LIMA,VILLA_MARIA_DEL_TRIUNFO,150143,20240430,2016,7
64496,SAN_BORJA,2022-05-11,120000,-77.0077,-12.1086,128,125.7,41.5,25.6,LIMA,LIMA,SAN_BORJA,150130,20240430,2022,5
414446,SAN_MARTIN_DE_PORRES,2015-08-17,180000,-77.0845,-12.0089,56,64.89,22.5,19.1,LIMA,LIMA,SAN_MARTIN_DE_PORRES,150135,20240430,2015,8
16950,SAN_BORJA,2016-12-07,100000,-77.0077,-12.1086,128,57.8,17,25.8,LIMA,LIMA,SAN_BORJA,150130,20240430,2016,12
430849,SAN_MARTIN_DE_PORRES,2017-07-01,050000,-77.0845,-12.0089,56,42.23,23.7,22.7,LIMA,LIMA,SAN_MARTIN_DE_PORRES,150135,20240430,2017,7
111492,CAMPO_DE_MARTE,2018-05-22,160000,-77.0432,-12.0705,117,42.94,26.9,25.1,LIMA,LIMA,JESUS_MARIA,150113,20240430,2018,5
231485,SANTA_ANITA,2022-09-30,090000,-76.9714,-12.043,253,90.8,60.54,22.3,LIMA,LIMA,SANTA_ANITA,150137,20240430,2022,9
434547,SAN_MARTIN_DE_PORRES,2017-12-02,070000,-77.0845,-12.0089,56,33.96,19.8,21.1,LIMA,LIMA,SAN_MARTIN_DE_PORRES,150135,20240430,2017,12
136719,CAMPO_DE_MARTE,2021-04-07,190000,-77.0432,-12.0705,117,20.22,11.16,NA,LIMA,LIMA,JESUS_MARIA,150113,20240430,2021,4
349489,SAN_JUAN_DE_LURIGANCHO,2017-07-19,050000,-76.9992,-11.9816,240,71.51,31.5,55,LIMA,LIMA,SAN_JUAN_DE_LURIGANCHO,150132,20240430,2017,7
335170,SAN_JUAN_DE_LURIGANCHO,2015-11-30,140000,-76.9992,-11.9816,240,122.9,53.1,43,LIMA,LIMA,SAN_JUAN_DE_LURIGANCHO,150132,20240430,2015,11
115152,CAMPO_DE_MARTE,2018-10-22,040000,-77.0432,-12.0705,117,33.24,27.5,NA,LIMA,LIMA,JESUS_MARIA,150113,20240430,2018,10
21594,SAN_BORJA,2017-06-18,220000,-77.0077,-12.1086,128,38.35,13.3,6.8,LIMA,LIMA,SAN_BORJA,150130,20240430,2017,6
113080,CAMPO_DE_MARTE,2018-07-27,200000,-77.0432,-12.0705,117,19.11,13.6,18.6,LIMA,LIMA,JESUS_MARIA,150113,20240430,2018,7
411534,SAN_MARTIN_DE_PORRES,2015-04-18,100000,-77.0845,-12.0089,56,23.67,12.1,12.4,LIMA,LIMA,SAN_MARTIN_DE_PORRES,150135,20240430,2015,4
118772,CAMPO_DE_MARTE,2019-03-22,000000,-77.0432,-12.0705,117,19.79,11,NA,LIMA,LIMA,JESUS_MARIA,150113,20240430,2019,3
18187,SAN_BORJA,2017-01-27,230000,-77.0077,-12.1086,128,80.2,5.3,11.7,LIMA,LIMA,SAN_BORJA,150130,20240430,2017,1
81177,SAN_BORJA,2024-04-05,130000,-77.0077,-12.1086,128,61.03,15.91,25.9,LIMA,LIMA,SAN_BORJA,150130,20240430,2024,4
471524,SAN_MARTIN_DE_PORRES,2022-02-20,000000,-77.0845,-12.0089,56,27.11,15.62,NA,LIMA,LIMA,SAN_MARTIN_DE_PORRES,150135,20240430,2022,2
125907,CAMPO_DE_MARTE,2020-01-13,070000,-77.0432,-12.0705,117,25.67,17.45,NA,LIMA,LIMA,JESUS_MARIA,150113,20240430,2020,1
159407,CAMPO_DE_MARTE,2023-11-09,030000,-77.0432,-12.0705,117,NA,15.94,22.5,LIMA,LIMA,JESUS_MARIA,150113,20240430,2023,11
524963,CARABAYLLO,2018-11-26,150000,-77.0336,-11.9022,179,59.29,23,6.2,LIMA,LIMA,CARABAYLLO,150106,20240430,2018,11
425914,SAN_MARTIN_DE_PORRES,2016-12-07,140000,-77.0845,-12.0089,56,65.11,33.3,37.3,LIMA,LIMA,SAN_MARTIN_DE_PORRES,150135,20240430,2016,12
253213,VILLA_MARIA_DEL_TRIUNFO,2015-11-23,170000,-76.92,-12.1664,272,119.34,23.3,15.9,LIMA,LIMA,VILLA_MARIA_DEL_TRIUNFO,150143,20240430,2015,11
383548,SAN_JUAN_DE_LURIGANCHO,2021-06-07,080000,-76.9992,-11.9816,240,NA,33.09,NA,LIMA,LIMA,SAN_JUAN_DE_LURIGANCHO,150132,20240430,2021,6
172924,SANTA_ANITA,2016-01-25,080000,-76.9714,-12.043,253,39.54,11.5,NA,LIMA,LIMA,SANTA_ANITA,150137,20240430,2016,1
561740,CARABAYLLO,2023-02-06,000000,-77.0336,-11.9022,179,33.82,12.16,NA,LIMA,LIMA,CARABAYLLO,150106,20240430,2023,2
561503,CARABAYLLO,2023-01-27,030000,-77.0336,-11.9022,179,100,30.61,NA,LIMA,LIMA,CARABAYLLO,150106,20240430,2023,1
540923,CARABAYLLO,2020-09-21,150000,-77.0336,-11.9022,179,50.21,13.78,10.3,LIMA,LIMA,CARABAYLLO,150106,20240430,2020,9
421781,SAN_MARTIN_DE_PORRES,2016-06-18,090000,-77.0845,-12.0089,56,95.88,29.1,32.1,LIMA,LIMA,SAN_MARTIN_DE_PORRES,150135,20240430,2016,6
64134,SAN_BORJA,2022-04-26,100000,-77.0077,-12.1086,128,63.82,21.17,14.7,LIMA,LIMA,SAN_BORJA,150130,20240430,2022,4
470092,SAN_MARTIN_DE_PORRES,2021-12-22,080000,-77.0845,-12.0089,56,26.74,19.14,NA,LIMA,LIMA,SAN_MARTIN_DE_PORRES,150135,20240430,2021,12
163271,CAMPO_DE_MARTE,2024-04-18,030000,-77.0432,-12.0705,117,23.35,15.58,18.5,LIMA,LIMA,JESUS_MARIA,150113,20240430,2024,4
437738,SAN_MARTIN_DE_PORRES,2018-04-14,060000,-77.0845,-12.0089,56,59.81,26.8,46.1,LIMA,LIMA,SAN_MARTIN_DE_PORRES,150135,20240430,2018,4
386495,SAN_JUAN_DE_LURIGANCHO,2021-10-08,030000,-76.9992,-11.9816,240,NA,14.66,NA,LIMA,LIMA,SAN_JUAN_DE_LURIGANCHO,150132,20240430,2021,10
227378,SANTA_ANITA,2022-04-12,060000,-76.9714,-12.043,253,22.88,19.86,21.9,LIMA,LIMA,SANTA_ANITA,150137,20240430,2022,4
358792,SAN_JUAN_DE_LURIGANCHO,2018-08-10,200000,-76.9992,-11.9816,240,60.99,20.4,39.8,LIMA,LIMA,SAN_JUAN_DE_LURIGANCHO,150132,20240430,2018,8
243239,SANTA_ANITA,2024-02-02,030000,-76.9714,-12.043,253,26.06,17.49,50.5,LIMA,LIMA,SANTA_ANITA,150137,20240430,2024,2
567184,CARABAYLLO,2023-09-20,200000,-77.0336,-11.9022,179,34.15,28.11,15.7,LIMA,LIMA,CARABAYLLO,150106,20240430,2023,9
366884,SAN_JUAN_DE_LURIGANCHO,2019-07-14,000000,-76.9992,-11.9816,240,NA,15.98,NA,LIMA,LIMA,SAN_JUAN_DE_LURIGANCHO,150132,20240430,2019,7
146238,CAMPO_DE_MARTE,2022-05-09,100000,-77.0432,-12.0705,117,12.4,11.27,4.2,LIMA,LIMA,JESUS_MARIA,150113,20240430,2022,5
485902,SAN_MARTIN_DE_PORRES,2023-10-12,020000,-77.0845,-12.0089,56,28.67333,19.31667,NA,LIMA,LIMA,SAN_MARTIN_DE_PORRES,150135,20240430,2023,10
183416,SANTA_ANITA,2017-04-06,120000,-76.9714,-12.043,253,151.2,54.8,39.7,LIMA,LIMA,SANTA_ANITA,150137,20240430,2017,4
119444,CAMPO_DE_MARTE,2019-04-19,000000,-77.0432,-12.0705,117,16.15,12.43,10.8,LIMA,LIMA,JESUS_MARIA,150113,20240430,2019,4
397690,SAN_JUAN_DE_LURIGANCHO,2023-01-17,140000,-76.9992,-11.9816,240,140.1,68.52,NA,LIMA,LIMA,SAN_JUAN_DE_LURIGANCHO,150132,20240430,2023,1
385191,SAN_JUAN_DE_LURIGANCHO,2021-08-14,190000,-76.9992,-11.9816,240,NA,16.55,NA,LIMA,LIMA,SAN_JUAN_DE_LURIGANCHO,150132,20240430,2021,8
131970,CAMPO_DE_MARTE,2020-09-21,220000,-77.0432,-12.0705,117,18.89,14.19,NA,LIMA,LIMA,JESUS_MARIA,150113,20240430,2020,9
383132,SAN_JUAN_DE_LURIGANCHO,2021-05-21,000000,-76.9992,-11.9816,240,NA,28.73,NA,LIMA,LIMA,SAN_JUAN_DE_LURIGANCHO,150132,20240430,2021,5
438735,SAN_MARTIN_DE_PORRES,2018-05-25,190000,-77.0845,-12.0089,56,NA,18.4,33.7,LIMA,LIMA,SAN_MARTIN_DE_PORRES,150135,20240430,2018,5
261518,VILLA_MARIA_DEL_TRIUNFO,2016-11-03,180000,-76.92,-12.1664,272,134.98,20,11.8,LIMA,LIMA,VILLA_MARIA_DEL_TRIUNFO,150143,20240430,2016,11
105918,CAMPO_DE_MARTE,2017-10-02,100000,-77.0432,-12.0705,117,62.48,29.1,NA,LIMA,LIMA,JESUS_MARIA,150113,20240430,2017,10
32397,SAN_BORJA,2018-09-12,010000,-77.0077,-12.1086,128,58.98,19.7,46.9,LIMA,LIMA,SAN_BORJA,150130,20240430,2018,9
353522,SAN_JUAN_DE_LURIGANCHO,2018-01-03,060000,-76.9992,-11.9816,240,NA,24.1,NA,LIMA,LIMA,SAN_JUAN_DE_LURIGANCHO,150132,20240430,2018,1
206545,SANTA_ANITA,2019-11-26,050000,-76.9714,-12.043,253,43.8,17.82,14.7,LIMA,LIMA,SANTA_ANITA,150137,20240430,2019,11
334404,SAN_JUAN_DE_LURIGANCHO,2015-10-29,160000,-76.9992,-11.9816,240,144.2,52.6,69.6,LIMA,LIMA,SAN_JUAN_DE_LURIGANCHO,150132,20240430,2015,10
120167,CAMPO_DE_MARTE,2019-05-19,030000,-77.0432,-12.0705,117,29.82,23.22,NA,LIMA,LIMA,JESUS_MARIA,150113,20240430,2019,5
122687,CAMPO_DE_MARTE,2019-09-01,030000,-77.0432,-12.0705,117,47.03,42.38,NA,LIMA,LIMA,JESUS_MARIA,150113,20240430,2019,9
184192,SANTA_ANITA,2017-05-08,200000,-76.9714,-12.043,253,58.05,30.9,13.1,LIMA,LIMA,SANTA_ANITA,150137,20240430,2017,5
438659,SAN_MARTIN_DE_PORRES,2018-05-22,150000,-77.0845,-12.0089,56,NA,22.9,34.8,LIMA,LIMA,SAN_MARTIN_DE_PORRES,150135,20240430,2018,5
146408,CAMPO_DE_MARTE,2022-05-16,120000,-77.0432,-12.0705,117,22.21,20.08,20.8,LIMA,LIMA,JESUS_MARIA,150113,20240430,2022,5
313021,VILLA_MARIA_DEL_TRIUNFO,2022-09-19,170000,-76.92,-12.1664,272,14.5,20.61,8.2,LIMA,LIMA,VILLA_MARIA_DEL_TRIUNFO,150143,20240430,2022,9
81610,SAN_BORJA,2024-04-23,140000,-77.0077,-12.1086,128,107,31.28,7.6,LIMA,LIMA,SAN_BORJA,150130,20240430,2024,4
69146,SAN_BORJA,2022-11-21,060000,-77.0077,-12.1086,128,45.23,18.83,12.3,LIMA,LIMA,SAN_BORJA,150130,20240430,2022,11
334550,SAN_JUAN_DE_LURIGANCHO,2015-11-04,180000,-76.9992,-11.9816,240,96.6,16.8,27.7,LIMA,LIMA,SAN_JUAN_DE_LURIGANCHO,150132,20240430,2015,11
179540,SANTA_ANITA,2016-10-27,000000,-76.9714,-12.043,253,123,26.8,0.5,LIMA,LIMA,SANTA_ANITA,150137,20240430,2016,10
263866,VILLA_MARIA_DEL_TRIUNFO,2017-02-09,140000,-76.92,-12.1664,272,206.4,44.8,45.4,LIMA,LIMA,VILLA_MARIA_DEL_TRIUNFO,150143,20240430,2017,2
71228,SAN_BORJA,2023-02-16,000000,-77.0077,-12.1086,128,60.59,21.48,12.6,LIMA,LIMA,SAN_BORJA,150130,20240430,2023,2
362433,SAN_JUAN_DE_LURIGANCHO,2019-01-09,130000,-76.9992,-11.9816,240,191.6,74.5,58.1,LIMA,LIMA,SAN_JUAN_DE_LURIGANCHO,150132,20240430,2019,1
478168,SAN_MARTIN_DE_PORRES,2022-11-23,200000,-77.0845,-12.0089,56,30.45,11.44,35.2,LIMA,LIMA,SAN_MARTIN_DE_PORRES,150135,20240430,2022,11
67373,SAN_BORJA,2022-09-08,090000,-77.0077,-12.1086,128,109.4,22.1,7.9,LIMA,LIMA,SAN_BORJA,150130,20240430,2022,9
124460,CAMPO_DE_MARTE,2019-11-14,000000,-77.0432,-12.0705,117,16.66,11.15,3.4,LIMA,LIMA,JESUS_MARIA,150113,20240430,2019,11
269800,VILLA_MARIA_DEL_TRIUNFO,2017-10-14,200000,-76.92,-12.1664,272,210,22.1,NA,LIMA,LIMA,VILLA_MARIA_DEL_TRIUNFO,150143,20240430,2017,10
121029,CAMPO_DE_MARTE,2019-06-24,010000,-77.0432,-12.0705,117,29.78,26.36,NA,LIMA,LIMA,JESUS_MARIA,150113,20240430,2019,6
338345,SAN_JUAN_DE_LURIGANCHO,2016-04-10,210000,-76.9992,-11.9816,240,52.07,19.9,15.7,LIMA,LIMA,SAN_JUAN_DE_LURIGANCHO,150132,20240430,2016,4
563823,CARABAYLLO,2023-05-03,190000,-77.0336,-11.9022,179,40.85,28.94,NA,LIMA,LIMA,CARABAYLLO,150106,20240430,2023,5
72232,SAN_BORJA,2023-03-29,200000,-77.0077,-12.1086,128,45.33,14.74,11.9,LIMA,LIMA,SAN_BORJA,150130,20240430,2023,3
268700,VILLA_MARIA_DEL_TRIUNFO,2017-08-30,000000,-76.92,-12.1664,272,186.3,15.2,14.9,LIMA,LIMA,VILLA_MARIA_DEL_TRIUNFO,150143,20240430,2017,8
20073,SAN_BORJA,2017-04-16,130000,-77.0077,-12.1086,128,NA,24.7,24.7,LIMA,LIMA,SAN_BORJA,150130,20240430,2017,4
337679,SAN_JUAN_DE_LURIGANCHO,2016-03-14,030000,-76.9992,-11.9816,240,45.36,19.1,19.8,LIMA,LIMA,SAN_JUAN_DE_LURIGANCHO,150132,20240430,2016,3
31440,SAN_BORJA,2018-08-03,040000,-77.0077,-12.1086,128,NA,6.7,NA,LIMA,LIMA,SAN_BORJA,150130,20240430,2018,8
68138,SAN_BORJA,2022-10-10,060000,-77.0077,-12.1086,128,143.4,28.61,9,LIMA,LIMA,SAN_BORJA,150130,20240430,2022,10
531975,CARABAYLLO,2019-09-14,190000,-77.0336,-11.9022,179,NA,22.02,27.9,LIMA,LIMA,CARABAYLLO,150106,20240430,2019,9
146726,CAMPO_DE_MARTE,2022-05-29,180000,-77.0432,-12.0705,117,26.67,15.82,9.5,LIMA,LIMA,JESUS_MARIA,150113,20240430,2022,5
566219,CARABAYLLO,2023-08-11,150000,-77.0336,-11.9022,179,21.3,18.63,11.5,LIMA,LIMA,CARABAYLLO,150106,20240430,2023,8
13463,SAN_BORJA,2016-07-15,030000,-77.0077,-12.1086,128,63.08,18.1,23.8,LIMA,LIMA,SAN_BORJA,150130,20240430,2016,7
537305,CARABAYLLO,2020-04-23,210000,-77.0336,-11.9022,179,44.01,10.62,NA,LIMA,LIMA,CARABAYLLO,150106,20240430,2020,4
82905,CAMPO_DE_MARTE,2015-02-16,130000,-77.0432,-12.0705,117,32.04,12.1,NA,LIMA,LIMA,JESUS_MARIA,150113,20240430,2015,2
255955,VILLA_MARIA_DEL_TRIUNFO,2016-03-16,230000,-76.92,-12.1664,272,138.82,24,24.3,LIMA,LIMA,VILLA_MARIA_DEL_TRIUNFO,150143,20240430,2016,3
493083,CARABAYLLO,2015-04-08,070000,-77.0336,-11.9022,179,82.3,17.5,NA,LIMA,LIMA,CARABAYLLO,150106,20240430,2015,4
175391,SANTA_ANITA,2016-05-07,030000,-76.9714,-12.043,253,89.9,42.4,7,LIMA,LIMA,SANTA_ANITA,150137,20240430,2016,5
11159,SAN_BORJA,2016-04-10,030000,-77.0077,-12.1086,128,38.56,10.5,19.8,LIMA,LIMA,SAN_BORJA,150130,20240430,2016,4
270727,VILLA_MARIA_DEL_TRIUNFO,2017-11-22,110000,-76.92,-12.1664,272,18.92,12.3,17.8,LIMA,LIMA,VILLA_MARIA_DEL_TRIUNFO,150143,20240430,2017,11
70887,SAN_BORJA,2023-02-01,190000,-77.0077,-12.1086,128,38.91,13.3,11.6,LIMA,LIMA,SAN_BORJA,150130,20240430,2023,2
377136,SAN_JUAN_DE_LURIGANCHO,2020-09-13,040000,-76.9992,-11.9816,240,NA,24.32,NA,LIMA,LIMA,SAN_JUAN_DE_LURIGANCHO,150132,20240430,2020,9
206258,SANTA_ANITA,2019-11-14,060000,-76.9714,-12.043,253,51.1,14.68,11.6,LIMA,LIMA,SANTA_ANITA,150137,20240430,2019,11
319725,VILLA_MARIA_DEL_TRIUNFO,2023-06-26,010000,-76.92,-12.1664,272,23.09,15.66,11.5,LIMA,LIMA,VILLA_MARIA_DEL_TRIUNFO,150143,20240430,2023,6
92687,CAMPO_DE_MARTE,2016-03-30,030000,-77.0432,-12.0705,117,27.22,4.7,13.9,LIMA,LIMA,JESUS_MARIA,150113,20240430,2016,3
495399,CARABAYLLO,2015-07-13,190000,-77.0336,-11.9022,179,77.29,13.6,NA,LIMA,LIMA,CARABAYLLO,150106,20240430,2015,7
539147,CARABAYLLO,2020-07-09,150000,-77.0336,-11.9022,179,51.11,14.09,NA,LIMA,LIMA,CARABAYLLO,150106,20240430,2020,7
488511,SAN_MARTIN_DE_PORRES,2024-01-28,190000,-77.0845,-12.0089,56,25.70167,11.25833,NA,LIMA,LIMA,SAN_MARTIN_DE_PORRES,150135,20240430,2024,1
306775,VILLA_MARIA_DEL_TRIUNFO,2022-01-02,110000,-76.92,-12.1664,272,61.32,41.31,8.7,LIMA,LIMA,VILLA_MARIA_DEL_TRIUNFO,150143,20240430,2022,1
47073,SAN_BORJA,2020-05-15,130000,-77.0077,-12.1086,128,51.93,18.27,NA,LIMA,LIMA,SAN_BORJA,150130,20240430,2020,5
377686,SAN_JUAN_DE_LURIGANCHO,2020-10-06,020000,-76.9992,-11.9816,240,NA,11.78,NA,LIMA,LIMA,SAN_JUAN_DE_LURIGANCHO,150132,20240430,2020,10
322648,VILLA_MARIA_DEL_TRIUNFO,2023-10-25,200000,-76.92,-12.1664,272,15.57,11.07,7.7,LIMA,LIMA,VILLA_MARIA_DEL_TRIUNFO,150143,20240430,2023,10
187588,SANTA_ANITA,2017-09-27,080000,-76.9714,-12.043,253,NA,46.9,30.2,LIMA,LIMA,SANTA_ANITA,150137,20240430,2017,9
37460,SAN_BORJA,2019-04-11,000000,-77.0077,-12.1086,128,65.93,15.43,NA,LIMA,LIMA,SAN_BORJA,150130,20240430,2019,4
340908,SAN_JUAN_DE_LURIGANCHO,2016-07-26,160000,-76.9992,-11.9816,240,99.1,40.5,40.6,LIMA,LIMA,SAN_JUAN_DE_LURIGANCHO,150132,20240430,2016,7
96933,CAMPO_DE_MARTE,2016-09-23,010000,-77.0432,-12.0705,117,48.29,21.4,NA,LIMA,LIMA,JESUS_MARIA,150113,20240430,2016,9
151109,CAMPO_DE_MARTE,2022-11-28,090000,-77.0432,-12.0705,117,19.37,18.09,7.9,LIMA,LIMA,JESUS_MARIA,150113,20240430,2022,11
424998,SAN_MARTIN_DE_PORRES,2016-10-30,100000,-77.0845,-12.0089,56,12.15,8.4,15.2,LIMA,LIMA,SAN_MARTIN_DE_PORRES,150135,20240430,2016,10
7378,SAN_BORJA,2015-11-04,140000,-77.0077,-12.1086,128,84.03,58.4,NA,LIMA,LIMA,SAN_BORJA,150130,20240430,2015,11
523193,CARABAYLLO,2018-09-13,210000,-77.0336,-11.9022,179,75.07,20.4,NA,LIMA,LIMA,CARABAYLLO,150106,20240430,2018,9
429625,SAN_MARTIN_DE_PORRES,2017-05-11,050000,-77.0845,-12.0089,56,45.32,13.1,12.9,LIMA,LIMA,SAN_MARTIN_DE_PORRES,150135,20240430,2017,5
132160,CAMPO_DE_MARTE,2020-09-29,200000,-77.0432,-12.0705,117,21.32,15.26,NA,LIMA,LIMA,JESUS_MARIA,150113,20240430,2020,9
21839,SAN_BORJA,2017-06-29,030000,-77.0077,-12.1086,128,44.61,13.2,29,LIMA,LIMA,SAN_BORJA,150130,20240430,2017,6
488126,SAN_MARTIN_DE_PORRES,2024-01-12,180000,-77.0845,-12.0089,56,61.72666,28.81333,21.4,LIMA,LIMA,SAN_MARTIN_DE_PORRES,150135,20240430,2024,1
130611,CAMPO_DE_MARTE,2020-07-27,070000,-77.0432,-12.0705,117,13.23,11.87,NA,LIMA,LIMA,JESUS_MARIA,150113,20240430,2020,7
7308,SAN_BORJA,2015-11-01,160000,-77.0077,-12.1086,128,31.15,7.6,NA,LIMA,LIMA,SAN_BORJA,150130,20240430,2015,11
499691,CARABAYLLO,2016-01-08,150000,-77.0336,-11.9022,179,29.94,8.5,8.6,LIMA,LIMA,CARABAYLLO,150106,20240430,2016,1
494052,CARABAYLLO,2015-05-18,160000,-77.0336,-11.9022,179,147.72,35.6,NA,LIMA,LIMA,CARABAYLLO,150106,20240430,2015,5
524813,CARABAYLLO,2018-11-20,090000,-77.0336,-11.9022,179,45.41,15.4,3.1,LIMA,LIMA,CARABAYLLO,150106,20240430,2018,11
76672,SAN_BORJA,2023-09-30,200000,-77.0077,-12.1086,128,29.23,9.91,12.7,LIMA,LIMA,SAN_BORJA,150130,20240430,2023,9
360231,SAN_JUAN_DE_LURIGANCHO,2018-10-09,190000,-76.9992,-11.9816,240,53.93,15.1,23.3,LIMA,LIMA,SAN_JUAN_DE_LURIGANCHO,150132,20240430,2018,10
71926,SAN_BORJA,2023-03-17,020000,-77.0077,-12.1086,128,35.37,10.17,17.7,LIMA,LIMA,SAN_BORJA,150130,20240430,2023,3
270226,VILLA_MARIA_DEL_TRIUNFO,2017-11-01,140000,-76.92,-12.1664,272,109.9,25.1,39.8,LIMA,LIMA,VILLA_MARIA_DEL_TRIUNFO,150143,20240430,2017,11
497275,CARABAYLLO,2015-09-29,230000,-77.0336,-11.9022,179,75.99,11.8,30.4,LIMA,LIMA,CARABAYLLO,150106,20240430,2015,9
17733,SAN_BORJA,2017-01-09,010000,-77.0077,-12.1086,128,46.57,10.6,18.1,LIMA,LIMA,SAN_BORJA,150130,20240430,2017,1
390983,SAN_JUAN_DE_LURIGANCHO,2022-04-13,030000,-76.9992,-11.9816,240,27.86,21.01,NA,LIMA,LIMA,SAN_JUAN_DE_LURIGANCHO,150132,20240430,2022,4
75750,SAN_BORJA,2023-08-23,100000,-77.0077,-12.1086,128,11.77,5.43,2.9,LIMA,LIMA,SAN_BORJA,150130,20240430,2023,8
425083,SAN_MARTIN_DE_PORRES,2016-11-02,230000,-77.0845,-12.0089,56,30.77,15.7,22,LIMA,LIMA,SAN_MARTIN_DE_PORRES,150135,20240430,2016,11
570170,CARABAYLLO,2024-01-23,060000,-77.0336,-11.9022,179,46.78,30.19,32,LIMA,LIMA,CARABAYLLO,150106,20240430,2024,1
564711,CARABAYLLO,2023-06-09,190000,-77.0336,-11.9022,179,17.14,16.66,NA,LIMA,LIMA,CARABAYLLO,150106,20240430,2023,6
308571,VILLA_MARIA_DEL_TRIUNFO,2022-03-18,070000,-76.92,-12.1664,272,19.81,18.48,10.8,LIMA,LIMA,VILLA_MARIA_DEL_TRIUNFO,150143,20240430,2022,3
347291,SAN_JUAN_DE_LURIGANCHO,2017-04-18,150000,-76.9992,-11.9816,240,135.8,40.3,NA,LIMA,LIMA,SAN_JUAN_DE_LURIGANCHO,150132,20240430,2017,4
345097,SAN_JUAN_DE_LURIGANCHO,2017-01-17,050000,-76.9992,-11.9816,240,65.17,22.4,22.5,LIMA,LIMA,SAN_JUAN_DE_LURIGANCHO,150132,20240430,2017,1
264431,VILLA_MARIA_DEL_TRIUNFO,2017-03-05,030000,-76.92,-12.1664,272,159.2,25.8,14.4,LIMA,LIMA,VILLA_MARIA_DEL_TRIUNFO,150143,20240430,2017,3
553943,CARABAYLLO,2022-03-18,030000,-77.0336,-11.9022,179,27.98,23.12,17.8,LIMA,LIMA,CARABAYLLO,150106,20240430,2022,3
68572,SAN_BORJA,2022-10-28,080000,-77.0077,-12.1086,128,56.33,22.14,11.4,LIMA,LIMA,SAN_BORJA,150130,20240430,2022,10
227804,SANTA_ANITA,2022-04-30,000000,-76.9714,-12.043,253,134.4,41.05,40.5,LIMA,LIMA,SANTA_ANITA,150137,20240430,2022,4
121861,CAMPO_DE_MARTE,2019-07-28,170000,-77.0432,-12.0705,117,37.3,34.6,NA,LIMA,LIMA,JESUS_MARIA,150113,20240430,2019,7
469964,SAN_MARTIN_DE_PORRES,2021-12-17,000000,-77.0845,-12.0089,56,27.26,18.58,NA,LIMA,LIMA,SAN_MARTIN_DE_PORRES,150135,20240430,2021,12
504946,CARABAYLLO,2016-08-14,140000,-77.0336,-11.9022,179,NA,12.5,6,LIMA,LIMA,CARABAYLLO,150106,20240430,2016,8
122094,CAMPO_DE_MARTE,2019-08-07,100000,-77.0432,-12.0705,117,6.51,6.43,NA,LIMA,LIMA,JESUS_MARIA,150113,20240430,2019,8
558779,CARABAYLLO,2022-10-05,150000,-77.0336,-11.9022,179,64.78,43.45,NA,LIMA,LIMA,CARABAYLLO,150106,20240430,2022,10
186909,SANTA_ANITA,2017-08-30,010000,-76.9714,-12.043,253,73.38,43,50,LIMA,LIMA,SANTA_ANITA,150137,20240430,2017,8
562071,CARABAYLLO,2023-02-19,190000,-77.0336,-11.9022,179,76.91,21.07,NA,LIMA,LIMA,CARABAYLLO,150106,20240430,2023,2
100513,CAMPO_DE_MARTE,2017-02-19,050000,-77.0432,-12.0705,117,19.22,7,17.4,LIMA,LIMA,JESUS_MARIA,150113,20240430,2017,2
70460,SAN_BORJA,2023-01-15,000000,-77.0077,-12.1086,128,37.5,14.76,18.63,LIMA,LIMA,SAN_BORJA,150130,20240430,2023,1
489173,SAN_MARTIN_DE_PORRES,2024-02-25,090000,-77.0845,-12.0089,56,8.01,5.72,39.2,LIMA,LIMA,SAN_MARTIN_DE_PORRES,150135,20240430,2024,2
264541,VILLA_MARIA_DEL_TRIUNFO,2017-03-09,170000,-76.92,-12.1664,272,191.7,48.1,8.8,LIMA,LIMA,VILLA_MARIA_DEL_TRIUNFO,150143,20240430,2017,3
179024,SANTA_ANITA,2016-10-05,120000,-76.9714,-12.043,253,50.47,14.6,NA,LIMA,LIMA,SANTA_ANITA,150137,20240430,2016,10
495138,CARABAYLLO,2015-07-02,220000,-77.0336,-11.9022,179,83.58,12.8,NA,LIMA,LIMA,CARABAYLLO,150106,20240430,2015,7
37224,SAN_BORJA,2019-04-01,040000,-77.0077,-12.1086,128,38.48,6.6,NA,LIMA,LIMA,SAN_BORJA,150130,20240430,2019,4
425553,SAN_MARTIN_DE_PORRES,2016-11-22,130000,-77.0845,-12.0089,56,41.13,17.6,26.2,LIMA,LIMA,SAN_MARTIN_DE_PORRES,150135,20240430,2016,11
244765,SANTA_ANITA,2024-04-05,170000,-76.9714,-12.043,253,25.08,18.29,55.9,LIMA,LIMA,SANTA_ANITA,150137,20240430,2024,4
316361,VILLA_MARIA_DEL_TRIUNFO,2023-02-05,210000,-76.92,-12.1664,272,30.88,11.12,4.2,LIMA,LIMA,VILLA_MARIA_DEL_TRIUNFO,150143,20240430,2023,2
428812,SAN_MARTIN_DE_PORRES,2017-04-07,080000,-77.0845,-12.0089,56,53.91,32.7,18.5,LIMA,LIMA,SAN_MARTIN_DE_PORRES,150135,20240430,2017,4
447575,SAN_MARTIN_DE_PORRES,2019-05-29,030000,-77.0845,-12.0089,56,NA,12.88,96.2,LIMA,LIMA,SAN_MARTIN_DE_PORRES,150135,20240430,2019,5
405976,SAN_JUAN_DE_LURIGANCHO,2023-12-28,200000,-76.9992,-11.9816,240,36.80166,14.59,NA,LIMA,LIMA,SAN_JUAN_DE_LURIGANCHO,150132,20240430,2023,12
66935,SAN_BORJA,2022-08-21,030000,-77.0077,-12.1086,128,106.1,25.8,20.5,LIMA,LIMA,SAN_BORJA,150130,20240430,2022,8
229194,SANTA_ANITA,2022-06-26,220000,-76.9714,-12.043,253,49.07,35.77,35.2,LIMA,LIMA,SANTA_ANITA,150137,20240430,2022,6
36522,SAN_BORJA,2019-03-02,220000,-77.0077,-12.1086,128,149.5,14.6,NA,LIMA,LIMA,SAN_BORJA,150130,20240430,2019,3
405962,SAN_JUAN_DE_LURIGANCHO,2023-12-28,060000,-76.9992,-11.9816,240,33.97,22.65333,NA,LIMA,LIMA,SAN_JUAN_DE_LURIGANCHO,150132,20240430,2023,12
32850,SAN_BORJA,2018-09-30,220000,-77.0077,-12.1086,128,57.52,16.7,15.6,LIMA,LIMA,SAN_BORJA,150130,20240430,2018,9
30771,SAN_BORJA,2018-07-06,070000,-77.0077,-12.1086,128,NA,8.7,NA,LIMA,LIMA,SAN_BORJA,150130,20240430,2018,7
228087,SANTA_ANITA,2022-05-11,190000,-76.9714,-12.043,253,69.23,40.41,52.2,LIMA,LIMA,SANTA_ANITA,150137,20240430,2022,5
143280,CAMPO_DE_MARTE,2022-01-06,040000,-77.0432,-12.0705,117,10.8,9.59,10.9,LIMA,LIMA,JESUS_MARIA,150113,20240430,2022,1
477810,SAN_MARTIN_DE_PORRES,2022-11-08,220000,-77.0845,-12.0089,56,22.24,10.42,NA,LIMA,LIMA,SAN_MARTIN_DE_PORRES,150135,20240430,2022,11
383040,SAN_JUAN_DE_LURIGANCHO,2021-05-17,040000,-76.9992,-11.9816,240,NA,31.57,NA,LIMA,LIMA,SAN_JUAN_DE_LURIGANCHO,150132,20240430,2021,5
327605,SAN_JUAN_DE_LURIGANCHO,2015-01-19,090000,-76.9992,-11.9816,240,20.24,10.9,NA,LIMA,LIMA,SAN_JUAN_DE_LURIGANCHO,150132,20240430,2015,1
48008,SAN_BORJA,2020-06-23,120000,-77.0077,-12.1086,128,68.69,19.07,NA,LIMA,LIMA,SAN_BORJA,150130,20240430,2020,6
235543,SANTA_ANITA,2023-03-18,110000,-76.9714,-12.043,253,38.97,26.23,9.6,LIMA,LIMA,SANTA_ANITA,150137,20240430,2023,3
70646,SAN_BORJA,2023-01-22,180000,-77.0077,-12.1086,128,29.2,14.8,7.04,LIMA,LIMA,SAN_BORJA,150130,20240430,2023,1
105032,CAMPO_DE_MARTE,2017-08-26,120000,-77.0432,-12.0705,117,27.86,4.8,4.6,LIMA,LIMA,JESUS_MARIA,150113,20240430,2017,8
175913,SANTA_ANITA,2016-05-28,210000,-76.9714,-12.043,253,62.66,36.8,2,LIMA,LIMA,SANTA_ANITA,150137,20240430,2016,5
480555,SAN_MARTIN_DE_PORRES,2023-03-03,070000,-77.0845,-12.0089,56,20.1,15.06,NA,LIMA,LIMA,SAN_MARTIN_DE_PORRES,150135,20240430,2023,3
319416,VILLA_MARIA_DEL_TRIUNFO,2023-06-13,040000,-76.92,-12.1664,272,27.23,18.19,11.3,LIMA,LIMA,VILLA_MARIA_DEL_TRIUNFO,150143,20240430,2023,6
481602,SAN_MARTIN_DE_PORRES,2023-04-15,220000,-77.0845,-12.0089,56,26.27,15.51,NA,LIMA,LIMA,SAN_MARTIN_DE_PORRES,150135,20240430,2023,4
555099,CARABAYLLO,2022-05-05,070000,-77.0336,-11.9022,179,35.48,23.92,18.4,LIMA,LIMA,CARABAYLLO,150106,20240430,2022,5
388178,SAN_JUAN_DE_LURIGANCHO,2021-12-17,060000,-76.9992,-11.9816,240,76.36,50.97,NA,LIMA,LIMA,SAN_JUAN_DE_LURIGANCHO,150132,20240430,2021,12
172951,SANTA_ANITA,2016-01-26,110000,-76.9714,-12.043,253,102,36.5,NA,LIMA,LIMA,SANTA_ANITA,150137,20240430,2016,1
562359,CARABAYLLO,2023-03-03,190000,-77.0336,-11.9022,179,79.08,21.81,NA,LIMA,LIMA,CARABAYLLO,150106,20240430,2023,3
89033,CAMPO_DE_MARTE,2015-10-29,210000,-77.0432,-12.0705,117,33.75,19.9,8.8,LIMA,LIMA,JESUS_MARIA,150113,20240430,2015,10
146847,CAMPO_DE_MARTE,2022-06-03,190000,-77.0432,-12.0705,117,78.61,55.69,40.9,LIMA,LIMA,JESUS_MARIA,150113,20240430,2022,6
419535,SAN_MARTIN_DE_PORRES,2016-03-16,190000,-77.0845,-12.0089,56,41.73,8.1,7.4,LIMA,LIMA,SAN_MARTIN_DE_PORRES,150135,20240430,2016,3
424926,SAN_MARTIN_DE_PORRES,2016-10-27,100000,-77.0845,-12.0089,56,20.35,8.8,14.7,LIMA,LIMA,SAN_MARTIN_DE_PORRES,150135,20240430,2016,10
287629,VILLA_MARIA_DEL_TRIUNFO,2019-10-27,170000,-76.92,-12.1664,272,NA,32.49,NA,LIMA,LIMA,VILLA_MARIA_DEL_TRIUNFO,150143,20240430,2019,10
242094,SANTA_ANITA,2023-12-16,100000,-76.9714,-12.043,253,31.73,24.93,NA,LIMA,LIMA,SANTA_ANITA,150137,20240430,2023,12
124702,CAMPO_DE_MARTE,2019-11-24,020000,-77.0432,-12.0705,117,18.93,14.4,0.4,LIMA,LIMA,JESUS_MARIA,150113,20240430,2019,11
273367,VILLA_MARIA_DEL_TRIUNFO,2018-03-12,110000,-76.92,-12.1664,272,176.1,20.6,19.1,LIMA,LIMA,VILLA_MARIA_DEL_TRIUNFO,150143,20240430,2018,3
69210,SAN_BORJA,2022-11-23,220000,-77.0077,-12.1086,128,43.69,11.73,13.3,LIMA,LIMA,SAN_BORJA,150130,20240430,2022,11
63907,SAN_BORJA,2022-04-16,230000,-77.0077,-12.1086,128,59.76,17.49,10.7,LIMA,LIMA,SAN_BORJA,150130,20240430,2022,4
498397,CARABAYLLO,2015-11-15,170000,-77.0336,-11.9022,179,34.28,16.8,19.2,LIMA,LIMA,CARABAYLLO,150106,20240430,2015,11
394178,SAN_JUAN_DE_LURIGANCHO,2022-08-24,060000,-76.9992,-11.9816,240,122.4,87.8,NA,LIMA,LIMA,SAN_JUAN_DE_LURIGANCHO,150132,20240430,2022,8
243448,SANTA_ANITA,2024-02-10,200000,-76.9714,-12.043,253,21.7,14.01,35.6,LIMA,LIMA,SANTA_ANITA,150137,20240430,2024,2
319776,VILLA_MARIA_DEL_TRIUNFO,2023-06-28,040000,-76.92,-12.1664,272,30.77,20.61,12,LIMA,LIMA,VILLA_MARIA_DEL_TRIUNFO,150143,20240430,2023,6
66680,SAN_BORJA,2022-08-10,120000,-77.0077,-12.1086,128,129.1,53.47,24.4,LIMA,LIMA,SAN_BORJA,150130,20240430,2022,8
429649,SAN_MARTIN_DE_PORRES,2017-05-12,050000,-77.0845,-12.0089,56,40,5.8,16.7,LIMA,LIMA,SAN_MARTIN_DE_PORRES,150135,20240430,2017,5
322525,VILLA_MARIA_DEL_TRIUNFO,2023-10-20,170000,-76.92,-12.1664,272,31.15,23.44,6.9,LIMA,LIMA,VILLA_MARIA_DEL_TRIUNFO,150143,20240430,2023,10
96206,CAMPO_DE_MARTE,2016-08-23,180000,-77.0432,-12.0705,117,22.56,7.4,NA,LIMA,LIMA,JESUS_MARIA,150113,20240430,2016,8
317038,VILLA_MARIA_DEL_TRIUNFO,2023-03-06,020000,-76.92,-12.1664,272,42.47,21.75,5.5,LIMA,LIMA,VILLA_MARIA_DEL_TRIUNFO,150143,20240430,2023,3
238325,SANTA_ANITA,2023-07-12,090000,-76.9714,-12.043,253,19.96,16.27,20.6,LIMA,LIMA,SANTA_ANITA,150137,20240430,2023,7
539540,CARABAYLLO,2020-07-26,000000,-77.0336,-11.9022,179,104.1,24.34,22.9,LIMA,LIMA,CARABAYLLO,150106,20240430,2020,7
395229,SAN_JUAN_DE_LURIGANCHO,2022-10-07,010000,-76.9992,-11.9816,240,66.74,44.5,NA,LIMA,LIMA,SAN_JUAN_DE_LURIGANCHO,150132,20240430,2022,10
263977,VILLA_MARIA_DEL_TRIUNFO,2017-02-14,050000,-76.92,-12.1664,272,227.1,4.7,20.7,LIMA,LIMA,VILLA_MARIA_DEL_TRIUNFO,150143,20240430,2017,2
335406,SAN_JUAN_DE_LURIGANCHO,2015-12-10,100000,-76.9992,-11.9816,240,89.7,37.8,26.4,LIMA,LIMA,SAN_JUAN_DE_LURIGANCHO,150132,20240430,2015,12
497805,CARABAYLLO,2015-10-22,010000,-77.0336,-11.9022,179,59.95,20.3,13,LIMA,LIMA,CARABAYLLO,150106,20240430,2015,10
11514,SAN_BORJA,2016-04-24,220000,-77.0077,-12.1086,128,38.47,21.5,27.9,LIMA,LIMA,SAN_BORJA,150130,20240430,2016,4
427618,SAN_MARTIN_DE_PORRES,2017-02-16,140000,-77.0845,-12.0089,56,131.79,35.2,NA,LIMA,LIMA,SAN_MARTIN_DE_PORRES,150135,20240430,2017,2
473411,SAN_MARTIN_DE_PORRES,2022-05-09,150000,-77.0845,-12.0089,56,45.46,31.52,26.3,LIMA,LIMA,SAN_MARTIN_DE_PORRES,150135,20240430,2022,5
32209,SAN_BORJA,2018-09-04,050000,-77.0077,-12.1086,128,NA,28.9,NA,LIMA,LIMA,SAN_BORJA,150130,20240430,2018,9
2083,SAN_BORJA,2015-03-28,230000,-77.0077,-12.1086,128,NA,8.9,NA,LIMA,LIMA,SAN_BORJA,150130,20240430,2015,3
134974,CAMPO_DE_MARTE,2021-01-25,020000,-77.0432,-12.0705,117,15.73,11.33,NA,LIMA,LIMA,JESUS_MARIA,150113,20240430,2021,1
319990,VILLA_MARIA_DEL_TRIUNFO,2023-07-07,020000,-76.92,-12.1664,272,16.83,12.48,8.7,LIMA,LIMA,VILLA_MARIA_DEL_TRIUNFO,150143,20240430,2023,7
329991,SAN_JUAN_DE_LURIGANCHO,2015-04-28,190000,-76.9992,-11.9816,240,137.29,18.6,31.2,LIMA,LIMA,SAN_JUAN_DE_LURIGANCHO,150132,20240430,2015,4
101159,CAMPO_DE_MARTE,2017-03-18,030000,-77.0432,-12.0705,117,26.41,14.1,17.6,LIMA,LIMA,JESUS_MARIA,150113,20240430,2017,3
185007,SANTA_ANITA,2017-06-11,190000,-76.9714,-12.043,253,32.09,15.2,52.9,LIMA,LIMA,SANTA_ANITA,150137,20240430,2017,6
134573,CAMPO_DE_MARTE,2021-01-08,090000,-77.0432,-12.0705,117,12.04,10.44,NA,LIMA,LIMA,JESUS_MARIA,150113,20240430,2021,1
325177,VILLA_MARIA_DEL_TRIUNFO,2024-02-08,050000,-76.92,-12.1664,272,11.76,8.85,14.6,LIMA,LIMA,VILLA_MARIA_DEL_TRIUNFO,150143,20240430,2024,2
254422,VILLA_MARIA_DEL_TRIUNFO,2016-01-13,020000,-76.92,-12.1664,272,146.04,14.8,4.3,LIMA,LIMA,VILLA_MARIA_DEL_TRIUNFO,150143,20240430,2016,1
486706,SAN_MARTIN_DE_PORRES,2023-11-14,140000,-77.0845,-12.0089,56,69.02166,46.865,21.1,LIMA,LIMA,SAN_MARTIN_DE_PORRES,150135,20240430,2023,11
480519,SAN_MARTIN_DE_PORRES,2023-03-01,190000,-77.0845,-12.0089,56,27.27,13.6,NA,LIMA,LIMA,SAN_MARTIN_DE_PORRES,150135,20240430,2023,3
418369,SAN_MARTIN_DE_PORRES,2016-01-28,050000,-77.0845,-12.0089,56,31.88,13.6,14.3,LIMA,LIMA,SAN_MARTIN_DE_PORRES,150135,20240430,2016,1
166812,SANTA_ANITA,2015-05-15,160000,-76.9714,-12.043,253,106.87,37.9,NA,LIMA,LIMA,SANTA_ANITA,150137,20240430,2015,5
366692,SAN_JUAN_DE_LURIGANCHO,2019-07-06,000000,-76.9992,-11.9816,240,NA,48.33,39.6,LIMA,LIMA,SAN_JUAN_DE_LURIGANCHO,150132,20240430,2019,7
565730,CARABAYLLO,2023-07-22,060000,-77.0336,-11.9022,179,29.61,26.43,13.7,LIMA,LIMA,CARABAYLLO,150106,20240430,2023,7
335725,SAN_JUAN_DE_LURIGANCHO,2015-12-23,170000,-76.9992,-11.9816,240,60.81,16.1,32.8,LIMA,LIMA,SAN_JUAN_DE_LURIGANCHO,150132,20240430,2015,12
126791,CAMPO_DE_MARTE,2020-02-19,030000,-77.0432,-12.0705,117,28.89,19.52,NA,LIMA,LIMA,JESUS_MARIA,150113,20240430,2020,2
12596,SAN_BORJA,2016-06-09,000000,-77.0077,-12.1086,128,69.21,23.7,51.7,LIMA,LIMA,SAN_BORJA,150130,20240430,2016,6
425684,SAN_MARTIN_DE_PORRES,2016-11-28,000000,-77.0845,-12.0089,56,30.36,9,19.9,LIMA,LIMA,SAN_MARTIN_DE_PORRES,150135,20240430,2016,11
523811,CARABAYLLO,2018-10-09,150000,-77.0336,-11.9022,179,131,34.2,6.2,LIMA,LIMA,CARABAYLLO,150106,20240430,2018,10
167022,SANTA_ANITA,2015-05-24,100000,-76.9714,-12.043,253,23,18.6,NA,LIMA,LIMA,SANTA_ANITA,150137,20240430,2015,5
354534,SAN_JUAN_DE_LURIGANCHO,2018-02-14,100000,-76.9992,-11.9816,240,59.79,24.7,7.6,LIMA,LIMA,SAN_JUAN_DE_LURIGANCHO,150132,20240430,2018,2
317803,VILLA_MARIA_DEL_TRIUNFO,2023-04-06,230000,-76.92,-12.1664,272,10.27,8.24,5.3,LIMA,LIMA,VILLA_MARIA_DEL_TRIUNFO,150143,20240430,2023,4
51613,SAN_BORJA,2020-11-20,170000,-77.0077,-12.1086,128,33.97,18.85,NA,LIMA,LIMA,SAN_BORJA,150130,20240430,2020,11
568098,CARABAYLLO,2023-10-28,220000,-77.0336,-11.9022,179,22.61,14.76,24.4,LIMA,LIMA,CARABAYLLO,150106,20240430,2023,10
395270,SAN_JUAN_DE_LURIGANCHO,2022-10-08,180000,-76.9992,-11.9816,240,78.16,38.97,NA,LIMA,LIMA,SAN_JUAN_DE_LURIGANCHO,150132,20240430,2022,10
472839,SAN_MARTIN_DE_PORRES,2022-04-15,190000,-77.0845,-12.0089,56,24.68,11.72,27.5,LIMA,LIMA,SAN_MARTIN_DE_PORRES,150135,20240430,2022,4
482220,SAN_MARTIN_DE_PORRES,2023-05-11,160000,-77.0845,-12.0089,56,42.04,29.92,NA,LIMA,LIMA,SAN_MARTIN_DE_PORRES,150135,20240430,2023,5
83660,CAMPO_DE_MARTE,2015-03-20,000000,-77.0432,-12.0705,117,41.02,11.4,NA,LIMA,LIMA,JESUS_MARIA,150113,20240430,2015,3
186515,SANTA_ANITA,2017-08-13,150000,-76.9714,-12.043,253,96.3,50.9,30.8,LIMA,LIMA,SANTA_ANITA,150137,20240430,2017,8
195752,SANTA_ANITA,2018-09-02,120000,-76.9714,-12.043,253,38.35,11.5,NA,LIMA,LIMA,SANTA_ANITA,150137,20240430,2018,9
570177,CARABAYLLO,2024-01-23,130000,-77.0336,-11.9022,179,61.3,49.03,34.2,LIMA,LIMA,CARABAYLLO,150106,20240430,2024,1
136703,CAMPO_DE_MARTE,2021-04-07,030000,-77.0432,-12.0705,117,17.85,12.36,NA,LIMA,LIMA,JESUS_MARIA,150113,20240430,2021,4
412726,SAN_MARTIN_DE_PORRES,2015-06-07,020000,-77.0845,-12.0089,56,67.52,21.6,38.4,LIMA,LIMA,SAN_MARTIN_DE_PORRES,150135,20240430,2015,6
478209,SAN_MARTIN_DE_PORRES,2022-11-25,130000,-77.0845,-12.0089,56,41.02,27.69,21.3,LIMA,LIMA,SAN_MARTIN_DE_PORRES,150135,20240430,2022,11
137672,CAMPO_DE_MARTE,2021-05-17,120000,-77.0432,-12.0705,117,37.44,32.62,NA,LIMA,LIMA,JESUS_MARIA,150113,20240430,2021,5
128231,CAMPO_DE_MARTE,2020-04-19,030000,-77.0432,-12.0705,117,17.5,12.12,NA,LIMA,LIMA,JESUS_MARIA,150113,20240430,2020,4
102376,CAMPO_DE_MARTE,2017-05-07,200000,-77.0432,-12.0705,117,22.68,16.2,8.6,LIMA,LIMA,JESUS_MARIA,150113,20240430,2017,5
233980,SANTA_ANITA,2023-01-12,080000,-76.9714,-12.043,253,68.2,45.47,12.13,LIMA,LIMA,SANTA_ANITA,150137,20240430,2023,1
321875,VILLA_MARIA_DEL_TRIUNFO,2023-09-23,150000,-76.92,-12.1664,272,87.5,38.07,10.3,LIMA,LIMA,VILLA_MARIA_DEL_TRIUNFO,150143,20240430,2023,9
382862,SAN_JUAN_DE_LURIGANCHO,2021-05-09,180000,-76.9992,-11.9816,240,NA,72.43,NA,LIMA,LIMA,SAN_JUAN_DE_LURIGANCHO,150132,20240430,2021,5
313363,VILLA_MARIA_DEL_TRIUNFO,2022-10-03,230000,-76.92,-12.1664,272,55.6,37.42,17.3,LIMA,LIMA,VILLA_MARIA_DEL_TRIUNFO,150143,20240430,2022,10
263141,VILLA_MARIA_DEL_TRIUNFO,2017-01-10,090000,-76.92,-12.1664,272,139.2,24.1,8.4,LIMA,LIMA,VILLA_MARIA_DEL_TRIUNFO,150143,20240430,2017,1
393082,SAN_JUAN_DE_LURIGANCHO,2022-07-09,140000,-76.9992,-11.9816,240,159.4,110.6,NA,LIMA,LIMA,SAN_JUAN_DE_LURIGANCHO,150132,20240430,2022,7
389039,SAN_JUAN_DE_LURIGANCHO,2022-01-22,030000,-76.9992,-11.9816,240,41.56,27.71,NA,LIMA,LIMA,SAN_JUAN_DE_LURIGANCHO,150132,20240430,2022,1
379267,SAN_JUAN_DE_LURIGANCHO,2020-12-10,230000,-76.9992,-11.9816,240,NA,9.82,NA,LIMA,LIMA,SAN_JUAN_DE_LURIGANCHO,150132,20240430,2020,12
332688,SAN_JUAN_DE_LURIGANCHO,2015-08-19,040000,-76.9992,-11.9816,240,107.4,31.8,42.7,LIMA,LIMA,SAN_JUAN_DE_LURIGANCHO,150132,20240430,2015,8
349423,SAN_JUAN_DE_LURIGANCHO,2017-07-16,110000,-76.9992,-11.9816,240,41.7,15.4,35.9,LIMA,LIMA,SAN_JUAN_DE_LURIGANCHO,150132,20240430,2017,7
177204,SANTA_ANITA,2016-07-21,160000,-76.9714,-12.043,253,84.7,60,4.3,LIMA,LIMA,SANTA_ANITA,150137,20240430,2016,7
488762,SAN_MARTIN_DE_PORRES,2024-02-08,060000,-77.0845,-12.0089,56,13.03,8.96,86,LIMA,LIMA,SAN_MARTIN_DE_PORRES,150135,20240430,2024,2
361185,SAN_JUAN_DE_LURIGANCHO,2018-11-18,130000,-76.9992,-11.9816,240,45.77,20.6,23.8,LIMA,LIMA,SAN_JUAN_DE_LURIGANCHO,150132,20240430,2018,11
168244,SANTA_ANITA,2015-07-14,080000,-76.9714,-12.043,253,17,9.6,NA,LIMA,LIMA,SANTA_ANITA,150137,20240430,2015,7
417218,SAN_MARTIN_DE_PORRES,2015-12-11,060000,-77.0845,-12.0089,56,36.07,11.7,16.8,LIMA,LIMA,SAN_MARTIN_DE_PORRES,150135,20240430,2015,12
413486,SAN_MARTIN_DE_PORRES,2015-07-08,180000,-77.0845,-12.0089,56,51.51,15.5,16.6,LIMA,LIMA,SAN_MARTIN_DE_PORRES,150135,20240430,2015,7
80773,SAN_BORJA,2024-03-19,170000,-77.0077,-12.1086,128,51.31,12.51,28.8,LIMA,LIMA,SAN_BORJA,150130,20240430,2024,3
260562,VILLA_MARIA_DEL_TRIUNFO,2016-09-24,220000,-76.92,-12.1664,272,227.22,16.6,25.2,LIMA,LIMA,VILLA_MARIA_DEL_TRIUNFO,150143,20240430,2016,9
376346,SAN_JUAN_DE_LURIGANCHO,2020-08-11,060000,-76.9992,-11.9816,240,NA,53.99,NA,LIMA,LIMA,SAN_JUAN_DE_LURIGANCHO,150132,20240430,2020,8
481040,SAN_MARTIN_DE_PORRES,2023-03-23,120000,-77.0845,-12.0089,56,33.96,11.35,NA,LIMA,LIMA,SAN_MARTIN_DE_PORRES,150135,20240430,2023,3
160171,CAMPO_DE_MARTE,2023-12-10,230000,-77.0432,-12.0705,117,NA,10.12,16.1,LIMA,LIMA,JESUS_MARIA,150113,20240430,2023,12
239345,SANTA_ANITA,2023-08-23,210000,-76.9714,-12.043,253,17.38,14.61,20.3,LIMA,LIMA,SANTA_ANITA,150137,20240430,2023,8
75728,SAN_BORJA,2023-08-22,120000,-77.0077,-12.1086,128,47.24,19.24,18.3,LIMA,LIMA,SAN_BORJA,150130,20240430,2023,8
502678,CARABAYLLO,2016-05-12,020000,-77.0336,-11.9022,179,124.5,39.3,35.4,LIMA,LIMA,CARABAYLLO,150106,20240430,2016,5
308304,VILLA_MARIA_DEL_TRIUNFO,2022-03-07,040000,-76.92,-12.1664,272,16.61,15.44,12.7,LIMA,LIMA,VILLA_MARIA_DEL_TRIUNFO,150143,20240430,2022,3
162453,CAMPO_DE_MARTE,2024-03-15,010000,-77.0432,-12.0705,117,25.6,15.54,20.4,LIMA,LIMA,JESUS_MARIA,150113,20240430,2024,3
92505,CAMPO_DE_MARTE,2016-03-22,130000,-77.0432,-12.0705,117,54.15,17.1,30.5,LIMA,LIMA,JESUS_MARIA,150113,20240430,2016,3
279304,VILLA_MARIA_DEL_TRIUNFO,2018-11-14,200000,-76.92,-12.1664,272,101.2,12.1,NA,LIMA,LIMA,VILLA_MARIA_DEL_TRIUNFO,150143,20240430,2018,11
151822,CAMPO_DE_MARTE,2022-12-28,020000,-77.0432,-12.0705,117,17.53,16.49,9,LIMA,LIMA,JESUS_MARIA,150113,20240430,2022,12
383566,SAN_JUAN_DE_LURIGANCHO,2021-06-08,020000,-76.9992,-11.9816,240,NA,24.37,NA,LIMA,LIMA,SAN_JUAN_DE_LURIGANCHO,150132,20240430,2021,6
406400,SAN_JUAN_DE_LURIGANCHO,2024-01-15,120000,-76.9992,-11.9816,240,22.395,15.55,NA,LIMA,LIMA,SAN_JUAN_DE_LURIGANCHO,150132,20240430,2024,1
426206,SAN_MARTIN_DE_PORRES,2016-12-19,180000,-77.0845,-12.0089,56,39.58,7.2,12.5,LIMA,LIMA,SAN_MARTIN_DE_PORRES,150135,20240430,2016,12
245854,VILLA_MARIA_DEL_TRIUNFO,2015-01-21,020000,-76.92,-12.1664,272,75.33,11.1,NA,LIMA,LIMA,VILLA_MARIA_DEL_TRIUNFO,150143,20240430,2015,1
256,SAN_BORJA,2015-01-11,200000,-77.0077,-12.1086,128,NA,11,NA,LIMA,LIMA,SAN_BORJA,150130,20240430,2015,1
554582,CARABAYLLO,2022-04-13,180000,-77.0336,-11.9022,179,199.1,58.56,20.6,LIMA,LIMA,CARABAYLLO,150106,20240430,2022,4
375229,SAN_JUAN_DE_LURIGANCHO,2020-06-25,170000,-76.9992,-11.9816,240,NA,25.91,NA,LIMA,LIMA,SAN_JUAN_DE_LURIGANCHO,150132,20240430,2020,6
86344,CAMPO_DE_MARTE,2015-07-09,200000,-77.0432,-12.0705,117,60.13,22,NA,LIMA,LIMA,JESUS_MARIA,150113,20240430,2015,7
536920,CARABAYLLO,2020-04-07,200000,-77.0336,-11.9022,179,67.32,13.17,NA,LIMA,LIMA,CARABAYLLO,150106,20240430,2020,4
288637,VILLA_MARIA_DEL_TRIUNFO,2019-12-08,170000,-76.92,-12.1664,272,NA,19.63,NA,LIMA,LIMA,VILLA_MARIA_DEL_TRIUNFO,150143,20240430,2019,12
397613,SAN_JUAN_DE_LURIGANCHO,2023-01-14,090000,-76.9992,-11.9816,240,37.85,26.67,NA,LIMA,LIMA,SAN_JUAN_DE_LURIGANCHO,150132,20240430,2023,1
66176,SAN_BORJA,2022-07-20,120000,-77.0077,-12.1086,128,103.9,36.91,22.1,LIMA,LIMA,SAN_BORJA,150130,20240430,2022,7
120624,CAMPO_DE_MARTE,2019-06-07,040000,-77.0432,-12.0705,117,29.06,20.05,NA,LIMA,LIMA,JESUS_MARIA,150113,20240430,2019,6
182120,SANTA_ANITA,2017-02-11,120000,-76.9714,-12.043,253,108.4,45.5,29.9,LIMA,LIMA,SANTA_ANITA,150137,20240430,2017,2
498241,CARABAYLLO,2015-11-09,050000,-77.0336,-11.9022,179,51.16,15.7,32.8,LIMA,LIMA,CARABAYLLO,150106,20240430,2015,11
89092,CAMPO_DE_MARTE,2015-11-01,080000,-77.0432,-12.0705,117,25.03,3.9,NA,LIMA,LIMA,JESUS_MARIA,150113,20240430,2015,11
197426,SANTA_ANITA,2018-11-11,060000,-76.9714,-12.043,253,43.8,20.6,33.6,LIMA,LIMA,SANTA_ANITA,150137,20240430,2018,11
567615,CARABAYLLO,2023-10-08,190000,-77.0336,-11.9022,179,20.32,12.46,NA,LIMA,LIMA,CARABAYLLO,150106,20240430,2023,10
137402,CAMPO_DE_MARTE,2021-05-06,060000,-77.0432,-12.0705,117,21.8,18.83,NA,LIMA,LIMA,JESUS_MARIA,150113,20240430,2021,5
566159,CARABAYLLO,2023-08-09,030000,-77.0336,-11.9022,179,24.88,23.02,15.8,LIMA,LIMA,CARABAYLLO,150106,20240430,2023,8
425691,SAN_MARTIN_DE_PORRES,2016-11-28,070000,-77.0845,-12.0089,56,23.29,11.8,22.8,LIMA,LIMA,SAN_MARTIN_DE_PORRES,150135,20240430,2016,11
98289,CAMPO_DE_MARTE,2016-11-18,130000,-77.0432,-12.0705,117,40.36,15.9,NA,LIMA,LIMA,JESUS_MARIA,150113,20240430,2016,11
110062,CAMPO_DE_MARTE,2018-03-24,020000,-77.0432,-12.0705,117,26.91,21.4,20.6,LIMA,LIMA,JESUS_MARIA,150113,20240430,2018,3
23919,SAN_BORJA,2017-09-23,190000,-77.0077,-12.1086,128,29.04,11.7,43.7,LIMA,LIMA,SAN_BORJA,150130,20240430,2017,9
264376,VILLA_MARIA_DEL_TRIUNFO,2017-03-02,200000,-76.92,-12.1664,272,86.8,32.5,9.2,LIMA,LIMA,VILLA_MARIA_DEL_TRIUNFO,150143,20240430,2017,3
271640,VILLA_MARIA_DEL_TRIUNFO,2017-12-30,120000,-76.92,-12.1664,272,30.81,17,27.6,LIMA,LIMA,VILLA_MARIA_DEL_TRIUNFO,150143,20240430,2017,12
334305,SAN_JUAN_DE_LURIGANCHO,2015-10-25,130000,-76.9992,-11.9816,240,51.54,32,23.8,LIMA,LIMA,SAN_JUAN_DE_LURIGANCHO,150132,20240430,2015,10
403411,SAN_JUAN_DE_LURIGANCHO,2023-09-12,230000,-76.9992,-11.9816,240,32.27,21.53,35.7,LIMA,LIMA,SAN_JUAN_DE_LURIGANCHO,150132,20240430,2023,9
508285,CARABAYLLO,2016-12-31,170000,-77.0336,-11.9022,179,98.7,21.5,26.4,LIMA,LIMA,CARABAYLLO,150106,20240430,2016,12
235570,SANTA_ANITA,2023-03-19,140000,-76.9714,-12.043,253,33.47,18.85,13,LIMA,LIMA,SANTA_ANITA,150137,20240430,2023,3
145516,CAMPO_DE_MARTE,2022-04-09,080000,-77.0432,-12.0705,117,11.15,10.76,4.8,LIMA,LIMA,JESUS_MARIA,150113,20240430,2022,4
506972,CARABAYLLO,2016-11-07,000000,-77.0336,-11.9022,179,57.36,11.4,40.5,LIMA,LIMA,CARABAYLLO,150106,20240430,2016,11
197194,SANTA_ANITA,2018-11-01,140000,-76.9714,-12.043,253,79.23,53.4,34,LIMA,LIMA,SANTA_ANITA,150137,20240430,2018,11
419462,SAN_MARTIN_DE_PORRES,2016-03-13,180000,-77.0845,-12.0089,56,36.14,12.7,13.8,LIMA,LIMA,SAN_MARTIN_DE_PORRES,150135,20240430,2016,3
277856,VILLA_MARIA_DEL_TRIUNFO,2018-09-15,120000,-76.92,-12.1664,272,54.87,30.4,NA,LIMA,LIMA,VILLA_MARIA_DEL_TRIUNFO,150143,20240430,2018,9
352602,SAN_JUAN_DE_LURIGANCHO,2017-11-25,220000,-76.9992,-11.9816,240,124.3,32.2,NA,LIMA,LIMA,SAN_JUAN_DE_LURIGANCHO,150132,20240430,2017,11
197104,SANTA_ANITA,2018-10-28,200000,-76.9714,-12.043,253,43.82,28.4,29.6,LIMA,LIMA,SANTA_ANITA,150137,20240430,2018,10
103930,CAMPO_DE_MARTE,2017-07-11,140000,-77.0432,-12.0705,117,44.3,15.5,29.9,LIMA,LIMA,JESUS_MARIA,150113,20240430,2017,7
556713,CARABAYLLO,2022-07-11,130000,-77.0336,-11.9022,179,10.61,10.58,26.4,LIMA,LIMA,CARABAYLLO,150106,20240430,2022,7
1114,SAN_BORJA,2015-02-16,140000,-77.0077,-12.1086,128,NA,15.4,NA,LIMA,LIMA,SAN_BORJA,150130,20240430,2015,2
234301,SANTA_ANITA,2023-01-25,170000,-76.9714,-12.043,253,17.86,9.1,19.66,LIMA,LIMA,SANTA_ANITA,150137,20240430,2023,1
414935,SAN_MARTIN_DE_PORRES,2015-09-07,030000,-77.0845,-12.0089,56,34.56,18.2,20.8,LIMA,LIMA,SAN_MARTIN_DE_PORRES,150135,20240430,2015,9
103934,CAMPO_DE_MARTE,2017-07-11,180000,-77.0432,-12.0705,117,28.03,7.5,26.6,LIMA,LIMA,JESUS_MARIA,150113,20240430,2017,7
111743,CAMPO_DE_MARTE,2018-06-02,030000,-77.0432,-12.0705,117,50.69,34.8,33.6,LIMA,LIMA,JESUS_MARIA,150113,20240430,2018,6
118876,CAMPO_DE_MARTE,2019-03-26,080000,-77.0432,-12.0705,117,9.63,7.9,NA,LIMA,LIMA,JESUS_MARIA,150113,20240430,2019,3
121639,CAMPO_DE_MARTE,2019-07-19,110000,-77.0432,-12.0705,117,21.84,19.36,NA,LIMA,LIMA,JESUS_MARIA,150113,20240430,2019,7
31903,SAN_BORJA,2018-08-22,110000,-77.0077,-12.1086,128,18.72,8.1,NA,LIMA,LIMA,SAN_BORJA,150130,20240430,2018,8
479331,SAN_MARTIN_DE_PORRES,2023-01-11,070000,-77.0845,-12.0089,56,19.79,14.07,NA,LIMA,LIMA,SAN_MARTIN_DE_PORRES,150135,20240430,2023,1
237769,SANTA_ANITA,2023-06-19,050000,-76.9714,-12.043,253,NA,24.09,20.7,LIMA,LIMA,SANTA_ANITA,150137,20240430,2023,6
469991,SAN_MARTIN_DE_PORRES,2021-12-18,030000,-77.0845,-12.0089,56,30.19,20.86,NA,LIMA,LIMA,SAN_MARTIN_DE_PORRES,150135,20240430,2021,12
228900,SANTA_ANITA,2022-06-14,160000,-76.9714,-12.043,253,73.75,46.8,22.7,LIMA,LIMA,SANTA_ANITA,150137,20240430,2022,6
420638,SAN_MARTIN_DE_PORRES,2016-05-01,180000,-77.0845,-12.0089,56,51.64,7.7,5.2,LIMA,LIMA,SAN_MARTIN_DE_PORRES,150135,20240430,2016,5
178777,SANTA_ANITA,2016-09-25,050000,-76.9714,-12.043,253,148.7,51.8,NA,LIMA,LIMA,SANTA_ANITA,150137,20240430,2016,9
186427,SANTA_ANITA,2017-08-09,230000,-76.9714,-12.043,253,51.72,18.7,47.4,LIMA,LIMA,SANTA_ANITA,150137,20240430,2017,8
23770,SAN_BORJA,2017-09-17,140000,-77.0077,-12.1086,128,107.7,49.4,46.3,LIMA,LIMA,SAN_BORJA,150130,20240430,2017,9
557000,CARABAYLLO,2022-07-23,120000,-77.0336,-11.9022,179,56.7,47.33,24.9,LIMA,LIMA,CARABAYLLO,150106,20240430,2022,7
311751,VILLA_MARIA_DEL_TRIUNFO,2022-07-28,190000,-76.92,-12.1664,272,34.89,29.21,16.6,LIMA,LIMA,VILLA_MARIA_DEL_TRIUNFO,150143,20240430,2022,7
180300,SANTA_ANITA,2016-11-27,160000,-76.9714,-12.043,253,116.1,31.3,NA,LIMA,LIMA,SANTA_ANITA,150137,20240430,2016,11
188956,SANTA_ANITA,2017-11-23,080000,-76.9714,-12.043,253,42.25,31.2,8.7,LIMA,LIMA,SANTA_ANITA,150137,20240430,2017,11
569723,CARABAYLLO,2024-01-04,150000,-77.0336,-11.9022,179,57.19,44.65,41.5,LIMA,LIMA,CARABAYLLO,150106,20240430,2024,1
127948,CAMPO_DE_MARTE,2020-04-07,080000,-77.0432,-12.0705,117,19.22,15,NA,LIMA,LIMA,JESUS_MARIA,150113,20240430,2020,4
473795,SAN_MARTIN_DE_PORRES,2022-05-25,150000,-77.0845,-12.0089,56,103.36,69.73,NA,LIMA,LIMA,SAN_MARTIN_DE_PORRES,150135,20240430,2022,5
407367,SAN_JUAN_DE_LURIGANCHO,2024-02-24,190000,-76.9992,-11.9816,240,38.09,11.27,NA,LIMA,LIMA,SAN_JUAN_DE_LURIGANCHO,150132,20240430,2024,2
18815,SAN_BORJA,2017-02-23,030000,-77.0077,-12.1086,128,69.34,17,17,LIMA,LIMA,SAN_BORJA,150130,20240430,2017,2
424263,SAN_MARTIN_DE_PORRES,2016-09-29,190000,-77.0845,-12.0089,56,50.06,16.7,15.8,LIMA,LIMA,SAN_MARTIN_DE_PORRES,150135,20240430,2016,9
92223,CAMPO_DE_MARTE,2016-03-10,190000,-77.0432,-12.0705,117,40.06,6.2,15.7,LIMA,LIMA,JESUS_MARIA,150113,20240430,2016,3
271555,VILLA_MARIA_DEL_TRIUNFO,2017-12-26,230000,-76.92,-12.1664,272,132.7,18.6,35.8,LIMA,LIMA,VILLA_MARIA_DEL_TRIUNFO,150143,20240430,2017,12
88741,CAMPO_DE_MARTE,2015-10-17,170000,-77.0432,-12.0705,117,39.67,14.8,NA,LIMA,LIMA,JESUS_MARIA,150113,20240430,2015,10
19608,SAN_BORJA,2017-03-28,040000,-77.0077,-12.1086,128,NA,8.7,16.9,LIMA,LIMA,SAN_BORJA,150130,20240430,2017,3
29548,SAN_BORJA,2018-05-16,080000,-77.0077,-12.1086,128,57.15,15.1,NA,LIMA,LIMA,SAN_BORJA,150130,20240430,2018,5
36900,SAN_BORJA,2019-03-18,160000,-77.0077,-12.1086,128,90.5,17.5,NA,LIMA,LIMA,SAN_BORJA,150130,20240430,2019,3
564408,CARABAYLLO,2023-05-28,040000,-77.0336,-11.9022,179,21.32,18.21,NA,LIMA,LIMA,CARABAYLLO,150106,20240430,2023,5
384474,SAN_JUAN_DE_LURIGANCHO,2021-07-15,220000,-76.9992,-11.9816,240,NA,33.83,NA,LIMA,LIMA,SAN_JUAN_DE_LURIGANCHO,150132,20240430,2021,7
337984,SAN_JUAN_DE_LURIGANCHO,2016-03-26,200000,-76.9992,-11.9816,240,61.43,14.5,NA,LIMA,LIMA,SAN_JUAN_DE_LURIGANCHO,150132,20240430,2016,3
396189,SAN_JUAN_DE_LURIGANCHO,2022-11-16,010000,-76.9992,-11.9816,240,35.48,23.86,NA,LIMA,LIMA,SAN_JUAN_DE_LURIGANCHO,150132,20240430,2022,11
262193,VILLA_MARIA_DEL_TRIUNFO,2016-12-01,210000,-76.92,-12.1664,272,68.3,15.7,9.7,LIMA,LIMA,VILLA_MARIA_DEL_TRIUNFO,150143,20240430,2016,12
258947,VILLA_MARIA_DEL_TRIUNFO,2016-07-19,150000,-76.92,-12.1664,272,61.81,40.9,28.4,LIMA,LIMA,VILLA_MARIA_DEL_TRIUNFO,150143,20240430,2016,7
121962,CAMPO_DE_MARTE,2019-08-01,220000,-77.0432,-12.0705,117,26.86,22.78,NA,LIMA,LIMA,JESUS_MARIA,150113,20240430,2019,8
235178,SANTA_ANITA,2023-03-03,060000,-76.9714,-12.043,253,30.94,21.95,11.2,LIMA,LIMA,SANTA_ANITA,150137,20240430,2023,3
385326,SAN_JUAN_DE_LURIGANCHO,2021-08-20,100000,-76.9992,-11.9816,240,NA,50.4,NA,LIMA,LIMA,SAN_JUAN_DE_LURIGANCHO,150132,20240430,2021,8
329290,SAN_JUAN_DE_LURIGANCHO,2015-03-30,140000,-76.9992,-11.9816,240,92.58,31.3,18.5,LIMA,LIMA,SAN_JUAN_DE_LURIGANCHO,150132,20240430,2015,3
359259,SAN_JUAN_DE_LURIGANCHO,2018-08-30,070000,-76.9992,-11.9816,240,103.8,48.2,31.8,LIMA,LIMA,SAN_JUAN_DE_LURIGANCHO,150132,20240430,2018,8
240964,SANTA_ANITA,2023-10-30,080000,-76.9714,-12.043,253,30.5,21.32,24.3,LIMA,LIMA,SANTA_ANITA,150137,20240430,2023,10
22488,SAN_BORJA,2017-07-26,040000,-77.0077,-12.1086,128,45.24,20.1,70.9,LIMA,LIMA,SAN_BORJA,150130,20240430,2017,7
118044,CAMPO_DE_MARTE,2019-02-19,160000,-77.0432,-12.0705,117,14.38,8.6,NA,LIMA,LIMA,JESUS_MARIA,150113,20240430,2019,2
536402,CARABAYLLO,2020-03-17,060000,-77.0336,-11.9022,179,27.8,5.81,NA,LIMA,LIMA,CARABAYLLO,150106,20240430,2020,3
286292,VILLA_MARIA_DEL_TRIUNFO,2019-09-02,000000,-76.92,-12.1664,272,NA,13.42,15.2,LIMA,LIMA,VILLA_MARIA_DEL_TRIUNFO,150143,20240430,2019,9
84879,CAMPO_DE_MARTE,2015-05-09,190000,-77.0432,-12.0705,117,71.85,29.7,NA,LIMA,LIMA,JESUS_MARIA,150113,20240430,2015,5
431017,SAN_MARTIN_DE_PORRES,2017-07-08,050000,-77.0845,-12.0089,56,45.2,4.8,15.6,LIMA,LIMA,SAN_MARTIN_DE_PORRES,150135,20240430,2017,7
36261,SAN_BORJA,2019-02-20,010000,-77.0077,-12.1086,128,34.8,20.1,NA,LIMA,LIMA,SAN_BORJA,150130,20240430,2019,2
316555,VILLA_MARIA_DEL_TRIUNFO,2023-02-13,230000,-76.92,-12.1664,272,62.6,19.38,6.1,LIMA,LIMA,VILLA_MARIA_DEL_TRIUNFO,150143,20240430,2023,2
2657,SAN_BORJA,2015-04-21,210000,-77.0077,-12.1086,128,NA,23.9,NA,LIMA,LIMA,SAN_BORJA,150130,20240430,2015,4
6310,SAN_BORJA,2015-09-21,020000,-77.0077,-12.1086,128,43.24,17.7,20.4,LIMA,LIMA,SAN_BORJA,150130,20240430,2015,9
506132,CARABAYLLO,2016-10-03,000000,-77.0336,-11.9022,179,52.06,12.3,NA,LIMA,LIMA,CARABAYLLO,150106,20240430,2016,10
344835,SAN_JUAN_DE_LURIGANCHO,2017-01-06,070000,-76.9992,-11.9816,240,58.41,22.6,27.6,LIMA,LIMA,SAN_JUAN_DE_LURIGANCHO,150132,20240430,2017,1
360557,SAN_JUAN_DE_LURIGANCHO,2018-10-23,090000,-76.9992,-11.9816,240,30.08,30,9,LIMA,LIMA,SAN_JUAN_DE_LURIGANCHO,150132,20240430,2018,10
258891,VILLA_MARIA_DEL_TRIUNFO,2016-07-17,070000,-76.92,-12.1664,272,57.18,23.5,22.2,LIMA,LIMA,VILLA_MARIA_DEL_TRIUNFO,150143,20240430,2016,7
288586,VILLA_MARIA_DEL_TRIUNFO,2019-12-06,140000,-76.92,-12.1664,272,NA,10.12,NA,LIMA,LIMA,VILLA_MARIA_DEL_TRIUNFO,150143,20240430,2019,12
254971,VILLA_MARIA_DEL_TRIUNFO,2016-02-04,230000,-76.92,-12.1664,272,190.35,8.6,NA,LIMA,LIMA,VILLA_MARIA_DEL_TRIUNFO,150143,20240430,2016,2
417076,SAN_MARTIN_DE_PORRES,2015-12-05,080000,-77.0845,-12.0089,56,22.8,13.9,14,LIMA,LIMA,SAN_MARTIN_DE_PORRES,150135,20240430,2015,12
136971,CAMPO_DE_MARTE,2021-04-18,070000,-77.0432,-12.0705,117,21.48,14.73,NA,LIMA,LIMA,JESUS_MARIA,150113,20240430,2021,4
553188,CARABAYLLO,2022-02-14,160000,-77.0336,-11.9022,179,71.71,36.11,72.6,LIMA,LIMA,CARABAYLLO,150106,20240430,2022,2
78698,SAN_BORJA,2023-12-24,060000,-77.0077,-12.1086,128,55.12,17.23,34.3,LIMA,LIMA,SAN_BORJA,150130,20240430,2023,12
312913,VILLA_MARIA_DEL_TRIUNFO,2022-09-15,050000,-76.92,-12.1664,272,68.74,30.29,15.8,LIMA,LIMA,VILLA_MARIA_DEL_TRIUNFO,150143,20240430,2022,9
23707,SAN_BORJA,2017-09-14,230000,-77.0077,-12.1086,128,71.47,21.7,63.7,LIMA,LIMA,SAN_BORJA,150130,20240430,2017,9
268076,VILLA_MARIA_DEL_TRIUNFO,2017-08-04,000000,-76.92,-12.1664,272,27.78,6.5,4.2,LIMA,LIMA,VILLA_MARIA_DEL_TRIUNFO,150143,20240430,2017,8
439705,SAN_MARTIN_DE_PORRES,2018-07-05,050000,-77.0845,-12.0089,56,77.75,55.1,41,LIMA,LIMA,SAN_MARTIN_DE_PORRES,150135,20240430,2018,7
115511,CAMPO_DE_MARTE,2018-11-06,030000,-77.0432,-12.0705,117,15.25,12.7,NA,LIMA,LIMA,JESUS_MARIA,150113,20240430,2018,11
80264,SAN_BORJA,2024-02-27,120000,-77.0077,-12.1086,128,59.4,23.52,19.7,LIMA,LIMA,SAN_BORJA,150130,20240430,2024,2
318387,VILLA_MARIA_DEL_TRIUNFO,2023-05-01,070000,-76.92,-12.1664,272,53.08,36.18,5.7,LIMA,LIMA,VILLA_MARIA_DEL_TRIUNFO,150143,20240430,2023,5
3341,SAN_BORJA,2015-05-20,090000,-77.0077,-12.1086,128,NA,17.7,NA,LIMA,LIMA,SAN_BORJA,150130,20240430,2015,5
257074,VILLA_MARIA_DEL_TRIUNFO,2016-05-02,140000,-76.92,-12.1664,272,341.49,69.3,39.8,LIMA,LIMA,VILLA_MARIA_DEL_TRIUNFO,150143,20240430,2016,5
263104,VILLA_MARIA_DEL_TRIUNFO,2017-01-08,200000,-76.92,-12.1664,272,78.09,10,4.8,LIMA,LIMA,VILLA_MARIA_DEL_TRIUNFO,150143,20240430,2017,1
432971,SAN_MARTIN_DE_PORRES,2017-09-27,150000,-77.0845,-12.0089,56,85.15,19.3,16.3,LIMA,LIMA,SAN_MARTIN_DE_PORRES,150135,20240430,2017,9
145265,CAMPO_DE_MARTE,2022-03-29,210000,-77.0432,-12.0705,117,21.69,12,15.2,LIMA,LIMA,JESUS_MARIA,150113,20240430,2022,3
128509,CAMPO_DE_MARTE,2020-04-30,170000,-77.0432,-12.0705,117,43.69,24.99,NA,LIMA,LIMA,JESUS_MARIA,150113,20240430,2020,4
100785,CAMPO_DE_MARTE,2017-03-02,130000,-77.0432,-12.0705,117,48.97,10.1,15,LIMA,LIMA,JESUS_MARIA,150113,20240430,2017,3
358841,SAN_JUAN_DE_LURIGANCHO,2018-08-12,210000,-76.9992,-11.9816,240,44.62,11.7,26.9,LIMA,LIMA,SAN_JUAN_DE_LURIGANCHO,150132,20240430,2018,8
170005,SANTA_ANITA,2015-09-25,170000,-76.9714,-12.043,253,109.65,24.6,NA,LIMA,LIMA,SANTA_ANITA,150137,20240430,2015,9
277780,VILLA_MARIA_DEL_TRIUNFO,2018-09-12,080000,-76.92,-12.1664,272,15.37,11.9,NA,LIMA,LIMA,VILLA_MARIA_DEL_TRIUNFO,150143,20240430,2018,9
108879,CAMPO_DE_MARTE,2018-02-02,190000,-77.0432,-12.0705,117,23.73,10.3,4.2,LIMA,LIMA,JESUS_MARIA,150113,20240430,2018,2
355454,SAN_JUAN_DE_LURIGANCHO,2018-03-24,180000,-76.9992,-11.9816,240,NA,24.1,16.5,LIMA,LIMA,SAN_JUAN_DE_LURIGANCHO,150132,20240430,2018,3
423307,SAN_MARTIN_DE_PORRES,2016-08-20,230000,-77.0845,-12.0089,56,58.21,16.7,37.8,LIMA,LIMA,SAN_MARTIN_DE_PORRES,150135,20240430,2016,8
185872,SANTA_ANITA,2017-07-17,200000,-76.9714,-12.043,253,72.73,30.8,30.3,LIMA,LIMA,SANTA_ANITA,150137,20240430,2017,7
122001,CAMPO_DE_MARTE,2019-08-03,130000,-77.0432,-12.0705,117,38.27,36.34,NA,LIMA,LIMA,JESUS_MARIA,150113,20240430,2019,8
183793,SANTA_ANITA,2017-04-22,050000,-76.9714,-12.043,253,120.8,50.5,12.1,LIMA,LIMA,SANTA_ANITA,150137,20240430,2017,4
145264,CAMPO_DE_MARTE,2022-03-29,200000,-77.0432,-12.0705,117,21.62,11.8,13.4,LIMA,LIMA,JESUS_MARIA,150113,20240430,2022,3
492504,CARABAYLLO,2015-03-15,040000,-77.0336,-11.9022,179,77.98,28.8,3.1,LIMA,LIMA,CARABAYLLO,150106,20240430,2015,3
519551,CARABAYLLO,2018-04-15,030000,-77.0336,-11.9022,179,150.4,33,40.8,LIMA,LIMA,CARABAYLLO,150106,20240430,2018,4
187395,SANTA_ANITA,2017-09-19,070000,-76.9714,-12.043,253,NA,36.1,16.1,LIMA,LIMA,SANTA_ANITA,150137,20240430,2017,9
258677,VILLA_MARIA_DEL_TRIUNFO,2016-07-08,090000,-76.92,-12.1664,272,62.54,24.8,11.5,LIMA,LIMA,VILLA_MARIA_DEL_TRIUNFO,150143,20240430,2016,7
364631,SAN_JUAN_DE_LURIGANCHO,2019-04-11,030000,-76.9992,-11.9816,240,NA,19.6,14.6,LIMA,LIMA,SAN_JUAN_DE_LURIGANCHO,150132,20240430,2019,4
288399,VILLA_MARIA_DEL_TRIUNFO,2019-11-28,190000,-76.92,-12.1664,272,NA,10.67,2.6,LIMA,LIMA,VILLA_MARIA_DEL_TRIUNFO,150143,20240430,2019,11
231204,SANTA_ANITA,2022-09-18,160000,-76.9714,-12.043,253,47.34,38.05,26.9,LIMA,LIMA,SANTA_ANITA,150137,20240430,2022,9
247395,VILLA_MARIA_DEL_TRIUNFO,2015-03-26,070000,-76.92,-12.1664,272,101.06,7.9,NA,LIMA,LIMA,VILLA_MARIA_DEL_TRIUNFO,150143,20240430,2015,3
70817,SAN_BORJA,2023-01-29,210000,-77.0077,-12.1086,128,34.08,15.73,11.73,LIMA,LIMA,SAN_BORJA,150130,20240430,2023,1
260123,VILLA_MARIA_DEL_TRIUNFO,2016-09-06,150000,-76.92,-12.1664,272,55.15,22,NA,LIMA,LIMA,VILLA_MARIA_DEL_TRIUNFO,150143,20240430,2016,9
83758,CAMPO_DE_MARTE,2015-03-24,020000,-77.0432,-12.0705,117,36.66,13,NA,LIMA,LIMA,JESUS_MARIA,150113,20240430,2015,3
427812,SAN_MARTIN_DE_PORRES,2017-02-24,160000,-77.0845,-12.0089,56,81.21,20.7,NA,LIMA,LIMA,SAN_MARTIN_DE_PORRES,150135,20240430,2017,2
429829,SAN_MARTIN_DE_PORRES,2017-05-19,170000,-77.0845,-12.0089,56,82.93,16.4,11.7,LIMA,LIMA,SAN_MARTIN_DE_PORRES,150135,20240430,2017,5
67262,SAN_BORJA,2022-09-03,180000,-77.0077,-12.1086,128,113.1,28.29,21.3,LIMA,LIMA,SAN_BORJA,150130,20240430,2022,9
425573,SAN_MARTIN_DE_PORRES,2016-11-23,090000,-77.0845,-12.0089,56,24.95,14.7,15.2,LIMA,LIMA,SAN_MARTIN_DE_PORRES,150135,20240430,2016,11
268908,VILLA_MARIA_DEL_TRIUNFO,2017-09-07,160000,-76.92,-12.1664,272,257.3,48.5,7.9,LIMA,LIMA,VILLA_MARIA_DEL_TRIUNFO,150143,20240430,2017,9
481111,SAN_MARTIN_DE_PORRES,2023-03-26,110000,-77.0845,-12.0089,56,13.43,10.18,NA,LIMA,LIMA,SAN_MARTIN_DE_PORRES,150135,20240430,2023,3
19889,SAN_BORJA,2017-04-08,210000,-77.0077,-12.1086,128,NA,4.3,34.2,LIMA,LIMA,SAN_BORJA,150130,20240430,2017,4
427860,SAN_MARTIN_DE_PORRES,2017-02-26,160000,-77.0845,-12.0089,56,52.97,15,NA,LIMA,LIMA,SAN_MARTIN_DE_PORRES,150135,20240430,2017,2
564624,CARABAYLLO,2023-06-06,040000,-77.0336,-11.9022,179,27.47,26.5,NA,LIMA,LIMA,CARABAYLLO,150106,20240430,2023,6
539557,CARABAYLLO,2020-07-26,170000,-77.0336,-11.9022,179,62.41,26.2,13.6,LIMA,LIMA,CARABAYLLO,150106,20240430,2020,7
76339,SAN_BORJA,2023-09-16,230000,-77.0077,-12.1086,128,56.68,14.6,21.8,LIMA,LIMA,SAN_BORJA,150130,20240430,2023,9
170449,SANTA_ANITA,2015-10-14,050000,-76.9714,-12.043,253,54.73,26.1,NA,LIMA,LIMA,SANTA_ANITA,150137,20240430,2015,10
243036,SANTA_ANITA,2024-01-24,160000,-76.9714,-12.043,253,47.27,32.66,49.8,LIMA,LIMA,SANTA_ANITA,150137,20240430,2024,1
264117,VILLA_MARIA_DEL_TRIUNFO,2017-02-20,010000,-76.92,-12.1664,272,247,22.8,17.3,LIMA,LIMA,VILLA_MARIA_DEL_TRIUNFO,150143,20240430,2017,2
560959,CARABAYLLO,2023-01-04,110000,-77.0336,-11.9022,179,30.01,20.89,NA,LIMA,LIMA,CARABAYLLO,150106,20240430,2023,1
83632,CAMPO_DE_MARTE,2015-03-18,200000,-77.0432,-12.0705,117,32.73,13.3,NA,LIMA,LIMA,JESUS_MARIA,150113,20240430,2015,3
540028,CARABAYLLO,2020-08-15,080000,-77.0336,-11.9022,179,68.82,23.67,15.8,LIMA,LIMA,CARABAYLLO,150106,20240430,2020,8
325069,VILLA_MARIA_DEL_TRIUNFO,2024-02-03,170000,-76.92,-12.1664,272,33.56,11.53,20.8,LIMA,LIMA,VILLA_MARIA_DEL_TRIUNFO,150143,20240430,2024,2
309006,VILLA_MARIA_DEL_TRIUNFO,2022-04-05,100000,-76.92,-12.1664,272,10.84,10.51,13.3,LIMA,LIMA,VILLA_MARIA_DEL_TRIUNFO,150143,20240430,2022,4
436235,SAN_MARTIN_DE_PORRES,2018-02-10,150000,-77.0845,-12.0089,56,62.69,17.7,NA,LIMA,LIMA,SAN_MARTIN_DE_PORRES,150135,20240430,2018,2
554292,CARABAYLLO,2022-04-01,160000,-77.0336,-11.9022,179,38.88,23.5,50.5,LIMA,LIMA,CARABAYLLO,150106,20240430,2022,4
37784,SAN_BORJA,2019-04-24,120000,-77.0077,-12.1086,128,60.46,20,NA,LIMA,LIMA,SAN_BORJA,150130,20240430,2019,4
329221,SAN_JUAN_DE_LURIGANCHO,2015-03-27,170000,-76.9992,-11.9816,240,120.14,24.5,47.1,LIMA,LIMA,SAN_JUAN_DE_LURIGANCHO,150132,20240430,2015,3
376530,SAN_JUAN_DE_LURIGANCHO,2020-08-18,220000,-76.9992,-11.9816,240,NA,22.24,NA,LIMA,LIMA,SAN_JUAN_DE_LURIGANCHO,150132,20240430,2020,8
349813,SAN_JUAN_DE_LURIGANCHO,2017-08-01,170000,-76.9992,-11.9816,240,64.21,19.8,42.1,LIMA,LIMA,SAN_JUAN_DE_LURIGANCHO,150132,20240430,2017,8
229588,SANTA_ANITA,2022-07-13,080000,-76.9714,-12.043,253,72.19,49.2,22.4,LIMA,LIMA,SANTA_ANITA,150137,20240430,2022,7
88867,CAMPO_DE_MARTE,2015-10-22,230000,-77.0432,-12.0705,117,34.72,11.7,NA,LIMA,LIMA,JESUS_MARIA,150113,20240430,2015,10
263529,VILLA_MARIA_DEL_TRIUNFO,2017-01-26,130000,-76.92,-12.1664,272,217.7,38.5,23,LIMA,LIMA,VILLA_MARIA_DEL_TRIUNFO,150143,20240430,2017,1
536508,CARABAYLLO,2020-03-21,160000,-77.0336,-11.9022,179,93.3,12.71,NA,LIMA,LIMA,CARABAYLLO,150106,20240430,2020,3
436245,SAN_MARTIN_DE_PORRES,2018-02-11,010000,-77.0845,-12.0089,56,128.35,12.2,NA,LIMA,LIMA,SAN_MARTIN_DE_PORRES,150135,20240430,2018,2
18054,SAN_BORJA,2017-01-22,100000,-77.0077,-12.1086,128,47.32,10,8.1,LIMA,LIMA,SAN_BORJA,150130,20240430,2017,1
23943,SAN_BORJA,2017-09-24,190000,-77.0077,-12.1086,128,37.57,8.5,19.7,LIMA,LIMA,SAN_BORJA,150130,20240430,2017,9
414966,SAN_MARTIN_DE_PORRES,2015-09-08,100000,-77.0845,-12.0089,56,21.87,11.8,10.8,LIMA,LIMA,SAN_MARTIN_DE_PORRES,150135,20240430,2015,9
62255,SAN_BORJA,2022-02-07,030000,-77.0077,-12.1086,128,41.92,17.01,15,LIMA,LIMA,SAN_BORJA,150130,20240430,2022,2
117439,CAMPO_DE_MARTE,2019-01-25,110000,-77.0432,-12.0705,117,14.94,13.1,1,LIMA,LIMA,JESUS_MARIA,150113,20240430,2019,1
33775,SAN_BORJA,2018-11-08,110000,-77.0077,-12.1086,128,31.69,7.7,5.4,LIMA,LIMA,SAN_BORJA,150130,20240430,2018,11
124787,CAMPO_DE_MARTE,2019-11-27,150000,-77.0432,-12.0705,117,32.1,20.76,NA,LIMA,LIMA,JESUS_MARIA,150113,20240430,2019,11
146100,CAMPO_DE_MARTE,2022-05-03,160000,-77.0432,-12.0705,117,54.03,26.42,23.5,LIMA,LIMA,JESUS_MARIA,150113,20240430,2022,5
89075,CAMPO_DE_MARTE,2015-10-31,150000,-77.0432,-12.0705,117,46.71,23.2,NA,LIMA,LIMA,JESUS_MARIA,150113,20240430,2015,10
440037,SAN_MARTIN_DE_PORRES,2018-07-19,010000,-77.0845,-12.0089,56,52,20.3,56.5,LIMA,LIMA,SAN_MARTIN_DE_PORRES,150135,20240430,2018,7
312206,VILLA_MARIA_DEL_TRIUNFO,2022-08-16,180000,-76.92,-12.1664,272,59.66,39.86,22.2,LIMA,LIMA,VILLA_MARIA_DEL_TRIUNFO,150143,20240430,2022,8
309609,VILLA_MARIA_DEL_TRIUNFO,2022-04-30,130000,-76.92,-12.1664,272,78.82,52.55,19.9,LIMA,LIMA,VILLA_MARIA_DEL_TRIUNFO,150143,20240430,2022,4
386848,SAN_JUAN_DE_LURIGANCHO,2021-10-22,200000,-76.9992,-11.9816,240,NA,45.65,NA,LIMA,LIMA,SAN_JUAN_DE_LURIGANCHO,150132,20240430,2021,10
239108,SANTA_ANITA,2023-08-14,000000,-76.9714,-12.043,253,24.99,14.27,27.5,LIMA,LIMA,SANTA_ANITA,150137,20240430,2023,8
345808,SAN_JUAN_DE_LURIGANCHO,2017-02-15,200000,-76.9992,-11.9816,240,66.92,11.9,18.4,LIMA,LIMA,SAN_JUAN_DE_LURIGANCHO,150132,20240430,2017,2
521281,CARABAYLLO,2018-06-26,050000,-77.0336,-11.9022,179,103.1,32,26.5,LIMA,LIMA,CARABAYLLO,150106,20240430,2018,6
352721,SAN_JUAN_DE_LURIGANCHO,2017-11-30,210000,-76.9992,-11.9816,240,81.1,28.5,NA,LIMA,LIMA,SAN_JUAN_DE_LURIGANCHO,150132,20240430,2017,11
51637,SAN_BORJA,2020-11-21,170000,-77.0077,-12.1086,128,30.29,16.83,NA,LIMA,LIMA,SAN_BORJA,150130,20240430,2020,11
334497,SAN_JUAN_DE_LURIGANCHO,2015-11-02,130000,-76.9992,-11.9816,240,72.01,23,34.7,LIMA,LIMA,SAN_JUAN_DE_LURIGANCHO,150132,20240430,2015,11
80302,SAN_BORJA,2024-02-29,020000,-77.0077,-12.1086,128,79.65,18.61,29,LIMA,LIMA,SAN_BORJA,150130,20240430,2024,2
32932,SAN_BORJA,2018-10-04,080000,-77.0077,-12.1086,128,57.43,18.3,13,LIMA,LIMA,SAN_BORJA,150130,20240430,2018,10
526188,CARABAYLLO,2019-01-16,160000,-77.0336,-11.9022,179,NA,19.5,NA,LIMA,LIMA,CARABAYLLO,150106,20240430,2019,1
334842,SAN_JUAN_DE_LURIGANCHO,2015-11-16,220000,-76.9992,-11.9816,240,100,26.1,40.9,LIMA,LIMA,SAN_JUAN_DE_LURIGANCHO,150132,20240430,2015,11
9965,SAN_BORJA,2016-02-20,090000,-77.0077,-12.1086,128,11.48,4.5,4.7,LIMA,LIMA,SAN_BORJA,150130,20240430,2016,2
519704,CARABAYLLO,2018-04-21,120000,-77.0336,-11.9022,179,NA,20.6,22.5,LIMA,LIMA,CARABAYLLO,150106,20240430,2018,4
310555,VILLA_MARIA_DEL_TRIUNFO,2022-06-08,230000,-76.92,-12.1664,272,31.55,25.95,19.7,LIMA,LIMA,VILLA_MARIA_DEL_TRIUNFO,150143,20240430,2022,6
172403,SANTA_ANITA,2016-01-03,150000,-76.9714,-12.043,253,67.33,26.3,NA,LIMA,LIMA,SANTA_ANITA,150137,20240430,2016,1
36942,SAN_BORJA,2019-03-20,100000,-77.0077,-12.1086,128,26.84,13,NA,LIMA,LIMA,SAN_BORJA,150130,20240430,2019,3
485992,SAN_MARTIN_DE_PORRES,2023-10-15,200000,-77.0845,-12.0089,56,36.47,24.41333,NA,LIMA,LIMA,SAN_MARTIN_DE_PORRES,150135,20240430,2023,10
413136,SAN_MARTIN_DE_PORRES,2015-06-24,040000,-77.0845,-12.0089,56,36.72,13.2,13,LIMA,LIMA,SAN_MARTIN_DE_PORRES,150135,20240430,2015,6
382476,SAN_JUAN_DE_LURIGANCHO,2021-04-23,160000,-76.9992,-11.9816,240,NA,52.41,NA,LIMA,LIMA,SAN_JUAN_DE_LURIGANCHO,150132,20240430,2021,4
228940,SANTA_ANITA,2022-06-16,080000,-76.9714,-12.043,253,58,38.78,22.8,LIMA,LIMA,SANTA_ANITA,150137,20240430,2022,6
175985,SANTA_ANITA,2016-05-31,210000,-76.9714,-12.043,253,64.59,31.9,3.9,LIMA,LIMA,SANTA_ANITA,150137,20240430,2016,5
448576,SAN_MARTIN_DE_PORRES,2019-07-09,200000,-77.0845,-12.0089,56,NA,19.45,21.9,LIMA,LIMA,SAN_MARTIN_DE_PORRES,150135,20240430,2019,7
172617,SANTA_ANITA,2016-01-12,130000,-76.9714,-12.043,253,62.19,22.7,NA,LIMA,LIMA,SANTA_ANITA,150137,20240430,2016,1
554235,CARABAYLLO,2022-03-30,070000,-77.0336,-11.9022,179,12.21,11.97,19.2,LIMA,LIMA,CARABAYLLO,150106,20240430,2022,3
379381,SAN_JUAN_DE_LURIGANCHO,2020-12-15,170000,-76.9992,-11.9816,240,NA,45.47,NA,LIMA,LIMA,SAN_JUAN_DE_LURIGANCHO,150132,20240430,2020,12
378020,SAN_JUAN_DE_LURIGANCHO,2020-10-20,000000,-76.9992,-11.9816,240,NA,16.51,NA,LIMA,LIMA,SAN_JUAN_DE_LURIGANCHO,150132,20240430,2020,10
113101,CAMPO_DE_MARTE,2018-07-28,170000,-77.0432,-12.0705,117,30.63,22,24.8,LIMA,LIMA,JESUS_MARIA,150113,20240430,2018,7
403378,SAN_JUAN_DE_LURIGANCHO,2023-09-11,140000,-76.9992,-11.9816,240,73.37166,48.93,31.9,LIMA,LIMA,SAN_JUAN_DE_LURIGANCHO,150132,20240430,2023,9
413880,SAN_MARTIN_DE_PORRES,2015-07-25,040000,-77.0845,-12.0089,56,35.19,15.4,29.9,LIMA,LIMA,SAN_MARTIN_DE_PORRES,150135,20240430,2015,7
496575,CARABAYLLO,2015-08-31,190000,-77.0336,-11.9022,179,93.17,17.4,23.3,LIMA,LIMA,CARABAYLLO,150106,20240430,2015,8
333833,SAN_JUAN_DE_LURIGANCHO,2015-10-05,210000,-76.9992,-11.9816,240,62.36,17.6,33.3,LIMA,LIMA,SAN_JUAN_DE_LURIGANCHO,150132,20240430,2015,10
48283,SAN_BORJA,2020-07-04,230000,-77.0077,-12.1086,128,92,17.72,NA,LIMA,LIMA,SAN_BORJA,150130,20240430,2020,7
438153,SAN_MARTIN_DE_PORRES,2018-05-01,130000,-77.0845,-12.0089,56,NA,15.6,37.1,LIMA,LIMA,SAN_MARTIN_DE_PORRES,150135,20240430,2018,5
506741,CARABAYLLO,2016-10-28,090000,-77.0336,-11.9022,179,74.57,37.7,35.4,LIMA,LIMA,CARABAYLLO,150106,20240430,2016,10
166659,SANTA_ANITA,2015-05-09,070000,-76.9714,-12.043,253,27.7,10.7,NA,LIMA,LIMA,SANTA_ANITA,150137,20240430,2015,5
560833,CARABAYLLO,2022-12-30,050000,-77.0336,-11.9022,179,176.9,56.27,12.3,LIMA,LIMA,CARABAYLLO,150106,20240430,2022,12
224565,SANTA_ANITA,2021-12-16,010000,-76.9714,-12.043,253,61.21,40.81,NA,LIMA,LIMA,SANTA_ANITA,150137,20240430,2021,12
35087,SAN_BORJA,2019-01-02,030000,-77.0077,-12.1086,128,35.39,7.4,NA,LIMA,LIMA,SAN_BORJA,150130,20240430,2019,1
437935,SAN_MARTIN_DE_PORRES,2018-04-22,110000,-77.0845,-12.0089,56,22.12,12.9,38.8,LIMA,LIMA,SAN_MARTIN_DE_PORRES,150135,20240430,2018,4
288550,VILLA_MARIA_DEL_TRIUNFO,2019-12-05,020000,-76.92,-12.1664,272,NA,51.91,NA,LIMA,LIMA,VILLA_MARIA_DEL_TRIUNFO,150143,20240430,2019,12
133456,CAMPO_DE_MARTE,2020-11-22,200000,-77.0432,-12.0705,117,20.01,16.03,NA,LIMA,LIMA,JESUS_MARIA,150113,20240430,2020,11
187352,SANTA_ANITA,2017-09-17,120000,-76.9714,-12.043,253,NA,62.9,42.6,LIMA,LIMA,SANTA_ANITA,150137,20240430,2017,9
145009,CAMPO_DE_MARTE,2022-03-19,050000,-77.0432,-12.0705,117,15.28,14.83,15.5,LIMA,LIMA,JESUS_MARIA,150113,20240430,2022,3
324919,VILLA_MARIA_DEL_TRIUNFO,2024-01-28,110000,-76.92,-12.1664,272,30.45,11.58,16,LIMA,LIMA,VILLA_MARIA_DEL_TRIUNFO,150143,20240430,2024,1
235627,SANTA_ANITA,2023-03-21,230000,-76.9714,-12.043,253,13.23,6.06,18.6,LIMA,LIMA,SANTA_ANITA,150137,20240430,2023,3
92287,CAMPO_DE_MARTE,2016-03-13,110000,-77.0432,-12.0705,117,22.18,9.7,9.1,LIMA,LIMA,JESUS_MARIA,150113,20240430,2016,3
542203,CARABAYLLO,2020-11-13,230000,-77.0336,-11.9022,179,64.88,16.33,NA,LIMA,LIMA,CARABAYLLO,150106,20240430,2020,11
255644,VILLA_MARIA_DEL_TRIUNFO,2016-03-04,000000,-76.92,-12.1664,272,386.19,42.3,17.7,LIMA,LIMA,VILLA_MARIA_DEL_TRIUNFO,150143,20240430,2016,3
390185,SAN_JUAN_DE_LURIGANCHO,2022-03-10,210000,-76.9992,-11.9816,240,38.8,17.28,NA,LIMA,LIMA,SAN_JUAN_DE_LURIGANCHO,150132,20240430,2022,3
229663,SANTA_ANITA,2022-07-16,110000,-76.9714,-12.043,253,40.95,29.06,21.1,LIMA,LIMA,SANTA_ANITA,150137,20240430,2022,7
396511,SAN_JUAN_DE_LURIGANCHO,2022-11-29,110000,-76.9992,-11.9816,240,34.7,24.68,NA,LIMA,LIMA,SAN_JUAN_DE_LURIGANCHO,150132,20240430,2022,11
77874,SAN_BORJA,2023-11-19,220000,-77.0077,-12.1086,128,42.06,16.71,19.5,LIMA,LIMA,SAN_BORJA,150130,20240430,2023,11
47784,SAN_BORJA,2020-06-14,040000,-77.0077,-12.1086,128,64.51,10.61,NA,LIMA,LIMA,SAN_BORJA,150130,20240430,2020,6
374165,SAN_JUAN_DE_LURIGANCHO,2020-05-12,090000,-76.9992,-11.9816,240,NA,18.82,NA,LIMA,LIMA,SAN_JUAN_DE_LURIGANCHO,150132,20240430,2020,5
13575,SAN_BORJA,2016-07-19,190000,-77.0077,-12.1086,128,NA,21.7,25.4,LIMA,LIMA,SAN_BORJA,150130,20240430,2016,7
333145,SAN_JUAN_DE_LURIGANCHO,2015-09-07,050000,-76.9992,-11.9816,240,47.75,17.1,24.1,LIMA,LIMA,SAN_JUAN_DE_LURIGANCHO,150132,20240430,2015,9
500,SAN_BORJA,2015-01-22,000000,-77.0077,-12.1086,128,NA,16.8,NA,LIMA,LIMA,SAN_BORJA,150130,20240430,2015,1
76980,SAN_BORJA,2023-10-13,160000,-77.0077,-12.1086,128,114.9,40.57,19.6,LIMA,LIMA,SAN_BORJA,150130,20240430,2023,10
180334,SANTA_ANITA,2016-11-29,020000,-76.9714,-12.043,253,87.7,26,41.5,LIMA,LIMA,SANTA_ANITA,150137,20240430,2016,11
27512,SAN_BORJA,2018-02-20,120000,-77.0077,-12.1086,128,70.69,11.3,25.2,LIMA,LIMA,SAN_BORJA,150130,20240430,2018,2
428659,SAN_MARTIN_DE_PORRES,2017-03-31,230000,-77.0845,-12.0089,56,45,42,17.1,LIMA,LIMA,SAN_MARTIN_DE_PORRES,150135,20240430,2017,3
86543,CAMPO_DE_MARTE,2015-07-18,030000,-77.0432,-12.0705,117,45.21,17.8,NA,LIMA,LIMA,JESUS_MARIA,150113,20240430,2015,7
15692,SAN_BORJA,2016-10-16,000000,-77.0077,-12.1086,128,68.05,11.2,35.3,LIMA,LIMA,SAN_BORJA,150130,20240430,2016,10
485652,SAN_MARTIN_DE_PORRES,2023-10-01,160000,-77.0845,-12.0089,56,41.81333,20.53,NA,LIMA,LIMA,SAN_MARTIN_DE_PORRES,150135,20240430,2023,10
87969,CAMPO_DE_MARTE,2015-09-15,130000,-77.0432,-12.0705,117,11.68,10.6,NA,LIMA,LIMA,JESUS_MARIA,150113,20240430,2015,9
531973,CARABAYLLO,2019-09-14,170000,-77.0336,-11.9022,179,NA,24.88,24.2,LIMA,LIMA,CARABAYLLO,150106,20240430,2019,9
179701,SANTA_ANITA,2016-11-02,170000,-76.9714,-12.043,253,62.45,15.2,NA,LIMA,LIMA,SANTA_ANITA,150137,20240430,2016,11
117467,CAMPO_DE_MARTE,2019-01-26,150000,-77.0432,-12.0705,117,39.55,15.5,3.4,LIMA,LIMA,JESUS_MARIA,150113,20240430,2019,1
377289,SAN_JUAN_DE_LURIGANCHO,2020-09-19,130000,-76.9992,-11.9816,240,NA,63.87,NA,LIMA,LIMA,SAN_JUAN_DE_LURIGANCHO,150132,20240430,2020,9
130051,CAMPO_DE_MARTE,2020-07-03,230000,-77.0432,-12.0705,117,20.94,15.72,NA,LIMA,LIMA,JESUS_MARIA,150113,20240430,2020,7
426793,SAN_MARTIN_DE_PORRES,2017-01-13,050000,-77.0845,-12.0089,56,72.64,14.2,18.6,LIMA,LIMA,SAN_MARTIN_DE_PORRES,150135,20240430,2017,1
548304,CARABAYLLO,2021-07-26,040000,-77.0336,-11.9022,179,70.74,31.49,NA,LIMA,LIMA,CARABAYLLO,150106,20240430,2021,7
126439,CAMPO_DE_MARTE,2020-02-04,110000,-77.0432,-12.0705,117,28.57,20.93,NA,LIMA,LIMA,JESUS_MARIA,150113,20240430,2020,2
334245,SAN_JUAN_DE_LURIGANCHO,2015-10-23,010000,-76.9992,-11.9816,240,68.34,22.6,50.1,LIMA,LIMA,SAN_JUAN_DE_LURIGANCHO,150132,20240430,2015,10
351549,SAN_JUAN_DE_LURIGANCHO,2017-10-13,010000,-76.9992,-11.9816,240,134.9,35.7,53.5,LIMA,LIMA,SAN_JUAN_DE_LURIGANCHO,150132,20240430,2017,10
129964,CAMPO_DE_MARTE,2020-06-30,080000,-77.0432,-12.0705,117,21.63,16.45,NA,LIMA,LIMA,JESUS_MARIA,150113,20240430,2020,6
243025,SANTA_ANITA,2024-01-24,050000,-76.9714,-12.043,253,19,14.16,34.1,LIMA,LIMA,SANTA_ANITA,150137,20240430,2024,1
174992,SANTA_ANITA,2016-04-20,120000,-76.9714,-12.043,253,108,35.4,10.4,LIMA,LIMA,SANTA_ANITA,150137,20240430,2016,4
389072,SAN_JUAN_DE_LURIGANCHO,2022-01-23,120000,-76.9992,-11.9816,240,83.5,30.8,NA,LIMA,LIMA,SAN_JUAN_DE_LURIGANCHO,150132,20240430,2022,1
247311,VILLA_MARIA_DEL_TRIUNFO,2015-03-22,190000,-76.92,-12.1664,272,177.55,22.4,NA,LIMA,LIMA,VILLA_MARIA_DEL_TRIUNFO,150143,20240430,2015,3
316995,VILLA_MARIA_DEL_TRIUNFO,2023-03-04,070000,-76.92,-12.1664,272,32.28,27,2.9,LIMA,LIMA,VILLA_MARIA_DEL_TRIUNFO,150143,20240430,2023,3
500460,CARABAYLLO,2016-02-09,160000,-77.0336,-11.9022,179,NA,30.4,14.1,LIMA,LIMA,CARABAYLLO,150106,20240430,2016,2
536903,CARABAYLLO,2020-04-07,030000,-77.0336,-11.9022,179,29.07,9.38,NA,LIMA,LIMA,CARABAYLLO,150106,20240430,2020,4
81000,SAN_BORJA,2024-03-29,040000,-77.0077,-12.1086,128,41.62,16.25,18.7,LIMA,LIMA,SAN_BORJA,150130,20240430,2024,3
555831,CARABAYLLO,2022-06-04,190000,-77.0336,-11.9022,179,88.5,54.38,NA,LIMA,LIMA,CARABAYLLO,150106,20240430,2022,6
247147,VILLA_MARIA_DEL_TRIUNFO,2015-03-15,230000,-76.92,-12.1664,272,122.33,16.2,NA,LIMA,LIMA,VILLA_MARIA_DEL_TRIUNFO,150143,20240430,2015,3
519849,CARABAYLLO,2018-04-27,130000,-77.0336,-11.9022,179,155.4,40.7,42.5,LIMA,LIMA,CARABAYLLO,150106,20240430,2018,4
404710,SAN_JUAN_DE_LURIGANCHO,2023-11-06,020000,-76.9992,-11.9816,240,34.89167,23.295,33.8,LIMA,LIMA,SAN_JUAN_DE_LURIGANCHO,150132,20240430,2023,11
195365,SANTA_ANITA,2018-08-17,090000,-76.9714,-12.043,253,40.45,32.5,NA,LIMA,LIMA,SANTA_ANITA,150137,20240430,2018,8
239827,SANTA_ANITA,2023-09-12,230000,-76.9714,-12.043,253,22.41,16.97,26.5,LIMA,LIMA,SANTA_ANITA,150137,20240430,2023,9
2871,SAN_BORJA,2015-04-30,190000,-77.0077,-12.1086,128,NA,9.7,NA,LIMA,LIMA,SAN_BORJA,150130,20240430,2015,4
345833,SAN_JUAN_DE_LURIGANCHO,2017-02-16,210000,-76.9992,-11.9816,240,71.11,26.6,29,LIMA,LIMA,SAN_JUAN_DE_LURIGANCHO,150132,20240430,2017,2
473722,SAN_MARTIN_DE_PORRES,2022-05-22,140000,-77.0845,-12.0089,56,59.07,41.86,NA,LIMA,LIMA,SAN_MARTIN_DE_PORRES,150135,20240430,2022,5
4348,SAN_BORJA,2015-07-01,080000,-77.0077,-12.1086,128,NA,3.7,NA,LIMA,LIMA,SAN_BORJA,150130,20240430,2015,7
385236,SAN_JUAN_DE_LURIGANCHO,2021-08-16,160000,-76.9992,-11.9816,240,NA,18.31,NA,LIMA,LIMA,SAN_JUAN_DE_LURIGANCHO,150132,20240430,2021,8
556369,CARABAYLLO,2022-06-27,050000,-77.0336,-11.9022,179,37.67,36.1,31.3,LIMA,LIMA,CARABAYLLO,150106,20240430,2022,6
317851,VILLA_MARIA_DEL_TRIUNFO,2023-04-08,230000,-76.92,-12.1664,272,17.77,8.49,7.9,LIMA,LIMA,VILLA_MARIA_DEL_TRIUNFO,150143,20240430,2023,4
75707,SAN_BORJA,2023-08-21,150000,-77.0077,-12.1086,128,121.3,40.86,19.9,LIMA,LIMA,SAN_BORJA,150130,20240430,2023,8
160824,CAMPO_DE_MARTE,2024-01-07,040000,-77.0432,-12.0705,117,14.91,10.2,12.7,LIMA,LIMA,JESUS_MARIA,150113,20240430,2024,1
432356,SAN_MARTIN_DE_PORRES,2017-09-02,000000,-77.0845,-12.0089,56,52.15,16.7,32.6,LIMA,LIMA,SAN_MARTIN_DE_PORRES,150135,20240430,2017,9
384084,SAN_JUAN_DE_LURIGANCHO,2021-06-29,160000,-76.9992,-11.9816,240,NA,45.59,NA,LIMA,LIMA,SAN_JUAN_DE_LURIGANCHO,150132,20240430,2021,6
537427,CARABAYLLO,2020-04-28,230000,-77.0336,-11.9022,179,84.1,18.54,NA,LIMA,LIMA,CARABAYLLO,150106,20240430,2020,4
478971,SAN_MARTIN_DE_PORRES,2022-12-27,070000,-77.0845,-12.0089,56,21.5,14.54,NA,LIMA,LIMA,SAN_MARTIN_DE_PORRES,150135,20240430,2022,12
224914,SANTA_ANITA,2021-12-30,140000,-76.9714,-12.043,253,93.4,55.52,23.5,LIMA,LIMA,SANTA_ANITA,150137,20240430,2021,12
182468,SANTA_ANITA,2017-02-26,000000,-76.9714,-12.043,253,NA,13.6,NA,LIMA,LIMA,SANTA_ANITA,150137,20240430,2017,2
99018,CAMPO_DE_MARTE,2016-12-18,220000,-77.0432,-12.0705,117,28.2,8.4,NA,LIMA,LIMA,JESUS_MARIA,150113,20240430,2016,12
92795,CAMPO_DE_MARTE,2016-04-03,150000,-77.0432,-12.0705,117,27.99,4.1,NA,LIMA,LIMA,JESUS_MARIA,150113,20240430,2016,4
502775,CARABAYLLO,2016-05-16,030000,-77.0336,-11.9022,179,64.16,22.6,24.5,LIMA,LIMA,CARABAYLLO,150106,20240430,2016,5
81441,SAN_BORJA,2024-04-16,130000,-77.0077,-12.1086,128,73.1,24.25,25,LIMA,LIMA,SAN_BORJA,150130,20240430,2024,4
321738,VILLA_MARIA_DEL_TRIUNFO,2023-09-17,220000,-76.92,-12.1664,272,36.34,18.91,8.7,LIMA,LIMA,VILLA_MARIA_DEL_TRIUNFO,150143,20240430,2023,9
10456,SAN_BORJA,2016-03-11,200000,-77.0077,-12.1086,128,42.1,8.3,12.5,LIMA,LIMA,SAN_BORJA,150130,20240430,2016,3
321904,VILLA_MARIA_DEL_TRIUNFO,2023-09-24,200000,-76.92,-12.1664,272,48.55,27.17,10.5,LIMA,LIMA,VILLA_MARIA_DEL_TRIUNFO,150143,20240430,2023,9
438783,SAN_MARTIN_DE_PORRES,2018-05-27,190000,-77.0845,-12.0089,56,NA,29.3,53.3,LIMA,LIMA,SAN_MARTIN_DE_PORRES,150135,20240430,2018,5
399817,SAN_JUAN_DE_LURIGANCHO,2023-04-16,050000,-76.9992,-11.9816,240,32.08,30.44,NA,LIMA,LIMA,SAN_JUAN_DE_LURIGANCHO,150132,20240430,2023,4
427586,SAN_MARTIN_DE_PORRES,2017-02-15,060000,-77.0845,-12.0089,56,40.51,9.9,NA,LIMA,LIMA,SAN_MARTIN_DE_PORRES,150135,20240430,2017,2
387014,SAN_JUAN_DE_LURIGANCHO,2021-10-29,180000,-76.9992,-11.9816,240,NA,53.56,NA,LIMA,LIMA,SAN_JUAN_DE_LURIGANCHO,150132,20240430,2021,10
476848,SAN_MARTIN_DE_PORRES,2022-09-29,200000,-77.0845,-12.0089,56,46.81,27.48,NA,LIMA,LIMA,SAN_MARTIN_DE_PORRES,150135,20240430,2022,9
6284,SAN_BORJA,2015-09-20,000000,-77.0077,-12.1086,128,45.1,20.8,22.6,LIMA,LIMA,SAN_BORJA,150130,20240430,2015,9
379003,SAN_JUAN_DE_LURIGANCHO,2020-11-29,230000,-76.9992,-11.9816,240,NA,29.82,NA,LIMA,LIMA,SAN_JUAN_DE_LURIGANCHO,150132,20240430,2020,11
72323,SAN_BORJA,2023-04-02,150000,-77.0077,-12.1086,128,50.8,18.17,7.2,LIMA,LIMA,SAN_BORJA,150130,20240430,2023,4
172381,SANTA_ANITA,2016-01-02,170000,-76.9714,-12.043,253,66.24,24.3,NA,LIMA,LIMA,SANTA_ANITA,150137,20240430,2016,1
482679,SAN_MARTIN_DE_PORRES,2023-05-30,190000,-77.0845,-12.0089,56,11.95,9.08,NA,LIMA,LIMA,SAN_MARTIN_DE_PORRES,150135,20240430,2023,5
346801,SAN_JUAN_DE_LURIGANCHO,2017-03-29,050000,-76.9992,-11.9816,240,NA,34.7,NA,LIMA,LIMA,SAN_JUAN_DE_LURIGANCHO,150132,20240430,2017,3
62402,SAN_BORJA,2022-02-13,060000,-77.0077,-12.1086,128,112.2,28.1,19.9,LIMA,LIMA,SAN_BORJA,150130,20240430,2022,2
228820,SANTA_ANITA,2022-06-11,080000,-76.9714,-12.043,253,131.5,93.6,27.6,LIMA,LIMA,SANTA_ANITA,150137,20240430,2022,6
486866,SAN_MARTIN_DE_PORRES,2023-11-21,060000,-77.0845,-12.0089,56,21.31167,14.95333,18.8,LIMA,LIMA,SAN_MARTIN_DE_PORRES,150135,20240430,2023,11
339410,SAN_JUAN_DE_LURIGANCHO,2016-05-25,060000,-76.9992,-11.9816,240,118.2,58.6,38.1,LIMA,LIMA,SAN_JUAN_DE_LURIGANCHO,150132,20240430,2016,5
417696,SAN_MARTIN_DE_PORRES,2015-12-31,040000,-77.0845,-12.0089,56,35.7,10.9,20.4,LIMA,LIMA,SAN_MARTIN_DE_PORRES,150135,20240430,2015,12
152216,CAMPO_DE_MARTE,2023-01-13,120000,-77.0432,-12.0705,117,12.02,11.59,5.22,LIMA,LIMA,JESUS_MARIA,150113,20240430,2023,1
185350,SANTA_ANITA,2017-06-26,020000,-76.9714,-12.043,253,57.34,34.6,47.9,LIMA,LIMA,SANTA_ANITA,150137,20240430,2017,6
13822,SAN_BORJA,2016-07-30,020000,-77.0077,-12.1086,128,70.3,29.2,21,LIMA,LIMA,SAN_BORJA,150130,20240430,2016,7
472126,SAN_MARTIN_DE_PORRES,2022-03-17,020000,-77.0845,-12.0089,56,23.16,15.45,19.5,LIMA,LIMA,SAN_MARTIN_DE_PORRES,150135,20240430,2022,3
488597,SAN_MARTIN_DE_PORRES,2024-02-01,090000,-77.0845,-12.0089,56,41.98,27.99,NA,LIMA,LIMA,SAN_MARTIN_DE_PORRES,150135,20240430,2024,2
35206,SAN_BORJA,2019-01-07,020000,-77.0077,-12.1086,128,58.03,10.2,NA,LIMA,LIMA,SAN_BORJA,150130,20240430,2019,1
418653,SAN_MARTIN_DE_PORRES,2016-02-09,010000,-77.0845,-12.0089,56,39.62,20,15.8,LIMA,LIMA,SAN_MARTIN_DE_PORRES,150135,20240430,2016,2
267767,VILLA_MARIA_DEL_TRIUNFO,2017-07-22,030000,-76.92,-12.1664,272,76.36,8.7,1.7,LIMA,LIMA,VILLA_MARIA_DEL_TRIUNFO,150143,20240430,2017,7
436194,SAN_MARTIN_DE_PORRES,2018-02-08,220000,-77.0845,-12.0089,56,30.52,12.5,NA,LIMA,LIMA,SAN_MARTIN_DE_PORRES,150135,20240430,2018,2
128926,CAMPO_DE_MARTE,2020-05-18,020000,-77.0432,-12.0705,117,19.98,15.62,NA,LIMA,LIMA,JESUS_MARIA,150113,20240430,2020,5
425982,SAN_MARTIN_DE_PORRES,2016-12-10,100000,-77.0845,-12.0089,56,28.95,16,18.9,LIMA,LIMA,SAN_MARTIN_DE_PORRES,150135,20240430,2016,12
485834,SAN_MARTIN_DE_PORRES,2023-10-09,060000,-77.0845,-12.0089,56,25.17667,17.35833,NA,LIMA,LIMA,SAN_MARTIN_DE_PORRES,150135,20240430,2023,10
164837,SANTA_ANITA,2015-02-22,090000,-76.9714,-12.043,253,117.75,32.6,NA,LIMA,LIMA,SANTA_ANITA,150137,20240430,2015,2
118438,CAMPO_DE_MARTE,2019-03-08,020000,-77.0432,-12.0705,117,17.65,13.2,NA,LIMA,LIMA,JESUS_MARIA,150113,20240430,2019,3
362146,SAN_JUAN_DE_LURIGANCHO,2018-12-28,140000,-76.9992,-11.9816,240,125.6,47.5,60,LIMA,LIMA,SAN_JUAN_DE_LURIGANCHO,150132,20240430,2018,12
3711,SAN_BORJA,2015-06-04,190000,-77.0077,-12.1086,128,NA,24.7,NA,LIMA,LIMA,SAN_BORJA,150130,20240430,2015,6
20916,SAN_BORJA,2017-05-21,160000,-77.0077,-12.1086,128,49.82,19,9.3,LIMA,LIMA,SAN_BORJA,150130,20240430,2017,5
232032,SANTA_ANITA,2022-10-23,040000,-76.9714,-12.043,253,95.4,63.79,34.1,LIMA,LIMA,SANTA_ANITA,150137,20240430,2022,10
315383,VILLA_MARIA_DEL_TRIUNFO,2022-12-27,030000,-76.92,-12.1664,272,40.61,27.59,15.2,LIMA,LIMA,VILLA_MARIA_DEL_TRIUNFO,150143,20240430,2022,12
175855,SANTA_ANITA,2016-05-26,110000,-76.9714,-12.043,253,109.2,45.6,5.8,LIMA,LIMA,SANTA_ANITA,150137,20240430,2016,5
324107,VILLA_MARIA_DEL_TRIUNFO,2023-12-25,150000,-76.92,-12.1664,272,35.53,23.75,18.9,LIMA,LIMA,VILLA_MARIA_DEL_TRIUNFO,150143,20240430,2023,12
235106,SANTA_ANITA,2023-02-28,060000,-76.9714,-12.043,253,59.55,27.46,11.9,LIMA,LIMA,SANTA_ANITA,150137,20240430,2023,2
